"S00","TRAUMATISMO SUPERFICIAL DE LA CABEZA"
"S00.0","TRAUMATISMO SUPERFICIAL DEL CUERO CABELLUDO"
"S00.1","CONTUSIÓN DE LOS PÁRPADOS Y DE LA REGIÓN PERIOCULAR"
"S00.2","OTROS TRAUMATISMOS SUPERFICIALES DEL PÁRPADO Y DE LA REGIÓN PERIOCULAR"
"S00.3","TRAUMATISMO SUPERFICIAL DE LA NARIZ"
"S00.4","TRAUMATISMO SUPERFICIAL DEL OÍDO"
"S00.5","TRAUMATISMO SUPERFICIAL DEL LABIO Y DE LA CAVIDAD BUCAL"
"S00.7","TRAUMATISMOS SUPERFICIALES MÚLTIPLES DE LA CABEZA"
"S00.8","TRAUMATISMO SUPERFICIAL DE OTRAS PARTES DE LA CABEZA"
"S00.9","TRAUMATISMO SUPERFICIAL DE LA CABEZA, PARTE NO ESPECIFICADA"
"S01","HERIDA DE LA CABEZA"
"S01.0","HERIDA DEL CUERO CABELLUDO"
"S01.1","HERIDA DEL PÁRPADO Y DE LA REGIÓN PERIOCULAR"
"S01.2","HERIDA DE LA NARIZ"
"S01.3","HERIDA DEL OÍDO"
"S01.4","HERIDA DE LA MEJILLA Y DE LA REGIÓN TEMPOROMANDIBULAR"
"S01.5","HERIDA DEL LABIO Y DE LA CAVIDAD BUCAL"
"S01.7","HERIDAS MÚLTIPLES DE LA CABEZA"
"S01.8","HERIDA DE OTRAS PARTES DE LA CABEZA"
"S01.9","HERIDA DE LA CABEZA, PARTE NO ESPECIFICADA"
"S02","FRACTURA DE HUESOS DEL CRÁNEO Y DE LA CARA"
"S02.0","FRACTURA DE LA BÓVEDA DEL CRÁNEO"
"S02.1","FRACTURA DE LA BASE DEL CRÁNEO"
"S02.2","FRACTURA DE LOS HUESOS DE LA NARIZ"
"S02.3","FRACTURA DEL SUELO DE LA ÓRBITA"
"S02.4","FRACTURA DEL MALAR Y DEL HUESO MAXILAR SUPERIOR"
"S02.5","FRACTURA DE LOS DIENTES"
"S02.6","FRACTURA DEL MAXILAR INFERIOR"
"S02.7","FRACTURAS MÚLTIPLES QUE COMPROMETEN EL CRÁNEO Y LOS HUESOS DE LA CARA"
"S02.8","FRACTURA DE OTROS HUESOS DEL CRÁNEO Y DE LA CARA"
"S02.9","FRACTURA DEL CRÁNEO Y DE LOS HUESOS DE LA CARA, PARTE NO ESPECIFICADA"
"S03","LUXACIÓN, ESGUINCE Y TORCEDURA DE ARTICULACIONES Y DE LIGAMENTOS DE LA CABEZA"
"S03.0","LUXACIÓN DEL MAXILAR"
"S03.1","LUXACIÓN DEL CARTÍLAGO SEPTAL DE LA NARIZ"
"S03.2","LUXACIÓN DE DIENTE"
"S03.3","LUXACIÓN DE OTRAS PARTES Y DE LAS NO ESPECIFICADAS DE LA CABEZA"
"S03.4","ESGUINCES Y TORCEDURAS DEL MAXILAR"
"S03.5","ESGUINCES Y TORCEDURAS DE ARTICULACIONES Y LIGAMENTOS DE OTRAS PARTES Y LAS NO ESPECIFICADAS DE LA CABEZA"
"S04","TRAUMATISMO DE NERVIOS CRANEALES"
"S04.0","TRAUMATISMO DEL NERVIO ÓPTICO [II PAR] Y DE LAS VÍAS ÓPTICAS"
"S04.1","TRAUMATISMO DEL NERVIO MOTOR OCULAR COMÚN [III PAR]"
"S04.2","TRAUMATISMO DEL NERVIO PATÉTICO [IV PAR]"
"S04.3","TRAUMATISMO DEL NERVIO TRIGÉMINO [V PAR]"
"S04.4","TRAUMATISMO DEL NERVIO MOTOR OCULAR EXTERNO [VI PAR]"
"S04.5","TRAUMATISMO DEL NERVIO FACIAL [VII PAR]"
"S04.6","TRAUMATISMO DEL NERVIO ACÚSTICO [VIII PAR]"
"S04.7","TRAUMATISMO DEL NERVIO ESPINAL [XI PAR]"
"S04.8","TRAUMATISMO DE OTROS NERVIOS CRANEALES"
"S04.9","TRAUMATISMO DE NERVIOS CRANEALES, NO ESPECIFICADO"
"S05","TRAUMATISMO DEL OJO Y DE LA ÓRBITA"
"S05.0","TRAUMATISMO DE LA CONJUNTIVA Y ABRASIÓN CORNEAL SIN MENCIÓN DE CUERPO EXTRAÑO"
"S05.1","CONTUSIÓN DEL GLOBO OCULAR Y DEL TEJIDO ORBITARIO"
"S05.2","LACERACIÓN Y RUPTURA OCULAR CON PROLAPSO O PÉRDIDA DEL TEJIDO INTRAOCULAR"
"S05.3","LACERACIÓN OCULAR SIN PROLAPSO O PÉRDIDA DEL TEJIDO INTRAOCULAR"
"S05.4","HERIDA PENETRANTE DE LA ÓRBITA CON O SIN CUERPO EXTRAÑO"
"S05.5","HERIDA PENETRANTE DEL GLOBO OCULAR CON CUERPO EXTRAÑO"
"S05.6","HERIDA PENETRANTE DEL GLOBO OCULAR SIN CUERPO EXTRAÑO"
"S05.7","AVULSIÓN DE OJO"
"S05.8","OTROS TRAUMATISMOS DEL OJO Y DE LA ÓRBITA"
"S05.9","TRAUMATISMO DEL OJO Y DE LA ÓRBITA, NO ESPECIFICADO"
"S06","TRAUMATISMO INTRACRANEAL"
"S06.0","CONCUSIÓN"
"S06.1","EDEMA CEREBRAL TRAUMÁTICO"
"S06.2","TRAUMATISMO CEREBRAL DIFUSO"
"S06.3","TRAUMATISMO CEREBRAL FOCAL"
"S06.4","HEMORRAGIA EPIDURAL"
"S06.5","HEMORRAGIA SUBDURAL TRAUMÁTICA"
"S06.6","HEMORRAGIA SUBARACNOIDEA TRAUMÁTICA"
"S06.7","TRAUMATISMO INTRACRANEAL CON COMA PROLONGADO"
"S06.8","OTROS TRAUMATISMOS INTRACRANEALES"
"S06.9","TRAUMATISMO INTRACRANEAL, NO ESPECIFICADO"
"S07","TRAUMATISMO POR APLASTAMIENTO DE LA CABEZA"
"S07.0","TRAUMATISMO POR APLASTAMIENTO DE LA CARA"
"S07.1","TRAUMATISMO POR APLASTAMIENTO DEL CRÁNEO"
"S07.8","TRAUMATISMO POR APLASTAMIENTO DE OTRAS PARTES DE LA CABEZA"
"S07.9","TRAUMATISMO POR APLASTAMIENTO DE LA CABEZA, PARTE NO ESPECIFICADA"
"S08","AMPUTACIÓN TRAUMÁTICA DE PARTE DE LA CABEZA"
"S08.0","AVULSIÓN DEL CUERO CABELLUDO"
"S08.1","AMPUTACIÓN TRAUMÁTICA DE LA OREJA"
"S08.8","AMPUTACIÓN TRAUMÁTICA DE OTRAS PARTES DE LA CABEZA"
"S08.9","AMPUTACIÓN TRAUMÁTICA DE PARTE NO ESPECIFICADA DE LA CABEZA"
"S09","OTROS TRAUMATISMOS Y LOS NO ESPECIFICADOS DE LA CABEZA"
"S09.0","TRAUMATISMO DE LOS VASOS SANGUÍNEOS DE LA CABEZA NO CLASIFICADOS EN OTRA PARTE"
"S09.1","TRAUMATISMO DE TENDÓN Y MÚSCULOS DE LA CABEZA"
"S09.2","RUPTURA TRAUMÁTICA DEL TÍMPANO DEL OÍDO"
"S09.7","TRAUMATISMOS MÚLTIPLES DE LA CABEZA"
"S09.8","OTROS TRAUMATISMOS DE LA CABEZA, ESPECIFICADOS"
"S09.9","TRAUMATISMO DE LA CABEZA, NO ESPECIFICADO"
"S10","TRAUMATISMO SUPERFICIAL DEL CUELLO"
"S10.0","CONTUSIÓN DE LA GARGANTA"
"S10.1","OTROS TRAUMATISMOS SUPERFICIALES Y LOS NO ESPECIFICADOS DE LA GARGANTA"
"S10.7","TRAUMATISMO SUPERFICIAL MÚLTIPLE DEL CUELLO"
"S10.8","TRAUMATISMO SUPERFICIAL DE OTRAS PARTES DEL CUELLO"
"S10.9","TRAUMATISMO SUPERFICIAL DEL CUELLO, PARTE NO ESPECIFICADA"
"S11","HERIDA DEL CUELLO"
"S11.0","HERIDA QUE COMPROMETE LA LARINGE Y LA TRÁQUEA"
"S11.1","HERIDA QUE COMPROMETE LA GLÁNDULA TIROIDES"
"S11.2","HERIDA QUE COMPROMETE LA FARINGE Y EL ESÓFAGO CERVICAL"
"S11.7","HERIDAS MÚLTIPLES DEL CUELLO"
"S11.8","HERIDAS DE OTRAS PARTES DEL CUELLO"
"S11.9","HERIDA DE CUELLO, PARTE NO ESPECIFICADA"
"S12","FRACTURA DEL CUELLO"
"S12.0","FRACTURA DE LA PRIMERA VÉRTEBRA CERVICAL"
"S12.1","FRACTURA DE LA SEGUNDA VÉRTEBRA CERVICAL"
"S12.2","FRACTURA DE OTRAS VÉRTEBRAS CERVICALES ESPECIFICADAS"
"S12.7","FRACTURAS MÚLTIPLES DE COLUMNA CERVICAL"
"S12.8","FRACTURA DE OTRAS PARTES DEL CUELLO"
"S12.9","FRACTURA DEL CUELLO, PARTE NO ESPECIFICADA"
"S13","LUXACIÓN, ESGUINCE Y TORCEDURA DE ARTICULACIONES Y LIGAMENTOS DEL CUELLO"
"S13.0","RUPTURA TRAUMÁTICA DE DISCO CERVICAL INTERVERTEBRAL"
"S13.1","LUXACIÓN DE VÉRTEBRA CERVICAL"
"S13.2","LUXACIONES DE OTRAS PARTES Y DE LAS NO ESPECIFICADAS DEL CUELLO"
"S13.3","LUXACIONES MÚLTIPLES DEL CUELLO"
"S13.4","ESGUINCES Y TORCEDURAS DE LA COLUMNA CERVICAL"
"S13.5","ESGUINCES Y TORCEDURAS DE LA REGIÓN TIROIDEA"
"S13.6","ESGUINCES Y TORCEDURAS DE ARTICULACIONES Y LIGAMENTOS DE OTROS SITIOS ESPECIFICADOS Y DE LOS NO ESPECIFICADOS DEL CUELLO"
"S14","TRAUMATISMO DE LA MÉDULA ESPINAL Y DE NERVIOS A NIVEL DEL CUELLO"
"S14.0","CONCUSIÓN Y EDEMA DE LA MÉDULA ESPINAL CERVICAL"
"S14.1","OTROS TRAUMATISMOS DE LA MÉDULA ESPINAL CERVICAL Y LOS NO ESPECIFICADOS"
"S14.2","TRAUMATISMO DE RAÍZ NERVIOSA DE COLUMNA CERVICAL"
"S14.3","TRAUMATISMO DEL PLEXO BRAQUIAL"
"S14.4","TRAUMATISMO DE NERVIOS PERIFÉRICOS DEL CUELLO"
"S14.5","TRAUMATISMO DE NERVIOS CERVICALES SIMPÁTICOS"
"S14.6","TRAUMATISMO DE OTROS NERVIOS Y DE LOS NO ESPECIFICADOS DEL CUELLO"
"S15","TRAUMATISMO DE VASOS SANGUÍNEOS A NIVEL DEL CUELLO"
"S15.0","TRAUMATISMO DE LA ARTERIA CARÓTIDA"
"S15.1","TRAUMATISMO DE LA ARTERIA VERTEBRAL"
"S15.2","TRAUMATISMO DE LA VENA YUGULAR EXTERNA"
"S15.3","TRAUMATISMO DE LA VENA YUGULAR INTERNA"
"S15.7","TRAUMATISMO DE MÚLTIPLES VASOS SANGUÍNEOS A NIVEL DEL CUELLO"
"S15.8","TRAUMATISMO DE OTROS VASOS SANGUÍNEOS A NIVEL DEL CUELLO"
"S15.9","TRAUMATISMO DE VASOS SANGUÍNEOS NO ESPECIFICADOS A NIVEL DEL CUELLO"
"S16","TRAUMATISMO DE TENDÓN Y MÚSCULOS A NIVEL DEL CUELLO"
"S17","TRAUMATISMO POR APLASTAMIENTO DEL CUELLO"
"S17.0","TRAUMATISMO POR APLASTAMIENTO DE LA LARINGE Y DE LA TRÁQUEA"
"S17.8","TRAUMATISMO POR APLASTAMIENTO DE OTRAS PARTES DEL CUELLO"
"S17.9","TRAUMATISMO POR APLASTAMIENTO DEL CUELLO, PARTE NO ESPECIFICADA"
"S18","AMPUTACIÓN TRAUMÁTICA A NIVEL DEL CUELLO"
"S19","OTROS TRAUMATISMOS Y LOS NO ESPECIFICADOS DEL CUELLO"
"S19.7","TRAUMATISMOS MÚLTIPLES DEL CUELLO"
"S19.8","OTROS TRAUMATISMOS DEL CUELLO, ESPECIFICADOS"
"S19.9","TRAUMATISMO DEL CUELLO, NO ESPECIFICADO"
"S20","TRAUMATISMO SUPERFICIAL DEL TÓRAX"
"S20.0","CONTUSIÓN DE LA MAMA"
"S20.1","OTROS TRAUMATISMOS SUPERFICIALES Y LOS NO ESPECIFICADOS DE LA MAMA"
"S20.2","CONTUSIÓN DEL TÓRAX"
"S20.3","OTROS TRAUMATISMOS SUPERFICIALES DE LA PARED ANTERIOR DEL TÓRAX"
"S20.4","OTROS TRAUMATISMOS SUPERFICIALES DE LA PARED POSTERIOR DEL TÓRAX"
"S20.7","TRAUMATISMOS SUPERFICIALES MÚLTIPLES DEL TÓRAX"
"S20.8","TRAUMATISMO SUPERFICIAL DE OTRAS PARTES Y DE LAS NO ESPECIFICADAS DEL TÓRAX"
"S21","HERIDA DEL TÓRAX"
"S21.0","HERIDA DE LA MAMA"
"S21.1","HERIDA DE LA PARED ANTERIOR DEL TÓRAX"
"S21.2","HERIDA DE LA PARED POSTERIOR DEL TÓRAX"
"S21.7","HERIDA MÚLTIPLE DE LA PARED TORÁCICA"
"S21.8","HERIDA DE OTRAS PARTES DEL TÓRAX"
"S21.9","HERIDA DEL TÓRAX, PARTE NO ESPECIFICADA"
"S22","FRACTURA DE LAS COSTILLAS, DEL ESTERNÓN Y DE LA COLUMNA TORÁCICA [DORSAL]"
"S22.0","FRACTURA DE VÉRTEBRA TORÁCICA"
"S22.1","FRACTURAS MÚLTIPLES DE COLUMNA TORÁCICA"
"S22.2","FRACTURA DEL ESTERNÓN"
"S22.3","FRACTURA DE COSTILLA"
"S22.4","FRACTURAS MÚLTIPLES DE COSTILLAS"
"S22.5","TÓRAX AZOTADO"
"S22.8","FRACTURA DE OTRAS PARTES DEL TÓRAX ÓSEO"
"S22.9","FRACTURA DEL TÓRAX ÓSEO, PARTE NO ESPECIFICADA"
"S23","LUXACIÓN, ESGUINCE Y TORCEDURA DE ARTICULACIONES Y LIGAMENTOS DEL TÓRAX"
"S23.0","RUPTURA TRAUMÁTICA DE DISCO INTERVERTEBRAL TORÁCICO"
"S23.1","LUXACIÓN DE VÉRTEBRA TORÁCICA"
"S23.2","LUXACIÓN DE OTRAS PARTES Y DE LAS NO ESPECIFICADAS DEL TÓRAX"
"S23.3","ESGUINCES Y TORCEDURAS DE COLUMNA TORÁCICA"
"S23.4","ESGUINCES Y TORCEDURAS DE COSTILLAS Y ESTERNÓN"
"S23.5","ESGUINCES Y TORCEDURAS DE OTRAS PARTES Y DE LAS NO ESPECIFICADAS DEL TÓRAX"
"S24","TRAUMATISMO DE NERVIOS Y DE LA MÉDULA ESPINAL A NIVEL DEL TÓRAX"
"S24.0","CONCUSIÓN Y EDEMA DE LA MÉDULA ESPINAL TORÁCICA"
"S24.1","OTROS TRAUMATISMOS Y LOS NO ESPECIFICADOS DE LA MÉDULA ESPINAL TORÁCICA"
"S24.2","TRAUMATISMO DE RAÍCES NERVIOSAS DE LA COLUMNA TORÁCICA"
"S24.3","TRAUMATISMO DE NERVIOS PERIFÉRICOS DEL TÓRAX"
"S24.4","TRAUMATISMO DE NERVIOS SIMPÁTICOS TORÁCICOS"
"S24.5","TRAUMATISMO DE OTROS NERVIOS DEL TÓRAX"
"S24.6","TRAUMATISMO DE NERVIO NO ESPECIFICADO DEL TÓRAX"
"S25","TRAUMATISMO DE VASOS SANGUÍNEOS DEL TÓRAX"
"S25.0","TRAUMATISMO DE LA AORTA TORÁCICA"
"S25.1","TRAUMATISMO DE LA ARTERIA INNOMINADA O SUBCLAVIA"
"S25.2","TRAUMATISMO DE VENA CAVA SUPERIOR"
"S25.3","TRAUMATISMO DE LA VENA INNOMINADA O SUBCLAVIA"
"S25.4","TRAUMATISMO DE VASOS SANGUÍNEOS PULMONARES"
"S25.5","TRAUMATISMO DE VASOS SANGUÍNEOS INTERCOSTALES"
"S25.7","TRAUMATISMO DE MÚLTIPLES VASOS SANGUÍNEOS DEL TÓRAX"
"S25.8","TRAUMATISMO DE OTROS VASOS SANGUÍNEOS DEL TÓRAX"
"S25.9","TRAUMATISMO DE VASOS SANGUÍNEOS NO ESPECIFICADOS DEL TÓRAX"
"S26","TRAUMATISMO DEL CORAZÓN"
"S26.0","TRAUMATISMO DEL CORAZÓN CON HEMOPERICARDIO"
"S26.8","OTROS TRAUMATISMOS DEL CORAZÓN"
"S26.9","TRAUMATISMO DEL CORAZÓN, NO ESPECIFICADO"
"S27","TRAUMATISMO DE OTROS ÓRGANOS INTRATORÁCICOS Y DE LOS NO ESPECIFICADOS"
"S27.0","NEUMOTÓRAX TRAUMÁTICO"
"S27.1","HEMOTÓRAX TRAUMÁTICO"
"S27.2","HEMONEUMOTÓRAX TRAUMÁTICO"
"S27.3","OTROS TRAUMATISMOS DEL PULMÓN"
"S27.4","TRAUMATISMO DE LOS BRONQUIOS"
"S27.5","TRAUMATISMO DE LA TRÁQUEA TORÁCICA"
"S27.6","TRAUMATISMO DE LA PLEURA"
"S27.7","TRAUMATISMOS MÚLTIPLES DE ÓRGANOS INTRATORÁCICOS"
"S27.8","TRAUMATISMO DE OTROS ÓRGANOS INTRATORÁCICOS, ESPECIFICADOS"
"S27.9","TRAUMATISMO DE ÓRGANO INTRATORÁCICO, NO ESPECIFICADO"
"S28","TRAUMATISMO POR APLASTAMIENTO DEL TÓRAX Y AMPUTACIÓN TRAUMÁTICA DE PARTE DEL TÓRAX"
"S28.0","APLASTAMIENTO DEL TÓRAX"
"S28.1","AMPUTACIÓN TRAUMÁTICA DE PARTE DEL TÓRAX"
"S29","OTROS TRAUMATISMOS Y LOS NO ESPECIFICADOS DEL TÓRAX"
"S29.0","TRAUMATISMO DE TENDÓN Y MÚSCULOS A NIVEL DEL TÓRAX"
"S29.7","TRAUMATISMOS MÚLTIPLES DEL TÓRAX"
"S29.8","OTROS TRAUMATISMOS DEL TÓRAX, ESPECIFICADOS"
"S29.9","TRAUMATISMO DEL TÓRAX, NO ESPECIFICADO"
"S30","TRAUMATISMO SUPERFICIAL DEL ABDOMEN, DE LA REGIÓN LUMBOSACRA Y DE LA PELVIS"
"S30.0","CONTUSIÓN DE LA REGIÓN LUMBOSACRA Y DE LA PELVIS"
"S30.1","CONTUSIÓN DE LA PARED ABDOMINAL"
"S30.2","CONTUSIÓN DE ÓRGANOS GENITALES EXTERNOS"
"S30.7","TRAUMATISMOS SUPERFICIALES MÚLTIPLES DEL ABDOMEN, DE LA REGIÓN LUMBOSACRA Y DE LA PELVIS"
"S30.8","OTROS TRAUMATISMOS SUPERFICIALES DEL ABDOMEN, DE LA REGIÓN LUMBOSACRA Y DE LA PELVIS"
"S30.9","TRAUMATISMO SUPERFICIAL DEL ABDOMEN, DE LA REGIÓN LUMBOSACRA Y DE LA PELVIS, PARTE NO ESPECIFICADA"
"S31","HERIDA DEL ABDOMEN, DE LA REGIÓN LUMBOSACRA Y DE LA PELVIS"
"S31.0","HERIDA DE LA REGIÓN LUMBOSACRA Y DE LA PELVIS"
"S31.1","HERIDA DE LA PARED ABDOMINAL"
"S31.2","HERIDA DEL PENE"
"S31.3","HERIDA DEL ESCROTO Y DE LOS TESTÍCULOS"
"S31.4","HERIDA DE LA VAGINA Y DE LA VULVA"
"S31.5","HERIDA DE OTROS ÓRGANOS GENITALES EXTERNOS Y DE LOS NO ESPECIFICADOS"
"S31.7","HERIDAS MÚLTIPLES DEL ABDOMEN, DE LA REGIÓN LUMBOSACRA Y DE LA PELVIS"
"S31.8","HERIDAS DE OTRAS PARTES Y DE LAS NO ESPECIFICADAS DEL ABDOMEN"
"S32","FRACTURA DE LA COLUMNA LUMBAR Y DE LA PELVIS"
"S32.0","FRACTURA DE VÉRTEBRA LUMBAR"
"S32.1","FRACTURA DEL SACRO"
"S32.2","FRACTURA DEL CÓCCIX"
"S32.3","FRACTURA DEL HUESO ILIACO"
"S32.4","FRACTURA DEL ACETÁBULO"
"S32.5","FRACTURA DEL PUBIS"
"S32.7","FRACTURAS MÚLTIPLES DE LA COLUMNA LUMBAR Y DE LA PELVIS"
"S32.8","FRACTURA DE OTRAS PARTES Y DE LAS NO ESPECIFICADAS DE LA COLUMNA LUMBAR Y DE LA PELVIS"
"S33","LUXACIÓN, ESGUINCE Y TORCEDURA DE ARTICULACIONES Y LIGAMENTOS DE LA COLUMNA LUMBAR Y DE LA PELVIS"
"S33.0","RUPTURA TRAUMÁTICA DE DISCO INTERVERTEBRAL LUMBAR"
"S33.1","LUXACIÓN DE VÉRTEBRA LUMBAR"
"S33.2","LUXACIÓN DE ARTICULACIÓN SACROCOCCÍGEA Y SACROILIACA"
"S33.3","LUXACIÓN DE OTRAS PARTES Y DE LAS NO ESPECIFICADAS DE LA COLUMNA LUMBAR Y DE LA PELVIS"
"S33.4","RUPTURA TRAUMÁTICA DE LA SÍNFISIS DEL PUBIS"
"S33.5","ESGUINCES Y TORCEDURAS DE LA COLUMNA LUMBAR"
"S33.6","ESGUINCES Y TORCEDURAS DE LA ARTICULACIÓN SACROILIACA"
"S33.7","ESGUINCES Y TORCEDURAS DE OTRAS PARTES Y DE LAS NO ESPECIFICADAS DE LA COLUMNA LUMBAR Y DE LA PELVIS"
"S34","TRAUMATISMO DE LOS NERVIOS Y DE LA MÉDULA ESPINAL LUMBAR, A NIVEL DEL ABDOMEN, DE LA REGIÓN LUMBOSACRA Y DE LA PELVIS"
"S34.0","CONCUSIÓN Y EDEMA DE LA MÉDULA ESPINAL LUMBAR"
"S34.1","OTRO TRAUMATISMO DE LA MÉDULA ESPINAL LUMBAR"
"S34.2","TRAUMATISMO DE RAÍZ NERVIOSA DE LA COLUMNA LUMBAR Y SACRA"
"S34.3","TRAUMATISMO DE LA COLA DE CABALLO"
"S34.4","TRAUMATISMO DEL PLEXO LUMBOSACRO"
"S34.5","TRAUMATISMO DE NERVIOS(S) SIMPÁTICO(S) LUMBAR(ES), SACRO(S) Y PÉLVICO(S)"
"S34.6","TRAUMATISMO DE NERVIO(S) PERIFÉRICO(S) DEL ABDOMEN, DE LA REGIÓN LUMBOSACRA Y DE LA PELVIS"
"S34.8","TRAUMATISMO DE OTROS NERVIOS A NIVEL DEL ABDOMEN, DE LA REGIÓN LUMBOSACRA Y DE LA PELVIS Y DE LOS NO ESPECIFICADOS"
"S35","TRAUMATISMO DE VASOS SANGUÍNEOS A NIVEL DEL ABDOMEN, DE LA REGIÓN LUMBOSACRA Y DE LA PELVIS"
"S35.0","TRAUMATISMO DE LA AORTA ABDOMINAL"
"S35.1","TRAUMATISMO DE LA VENA CAVA INFERIOR"
"S35.2","TRAUMATISMO DE ARTERIAS CELÍACAS Y MESENTÉRICAS"
"S35.3","TRAUMATISMO DE VENAS PORTA Y ESPLÉNICA"
"S35.4","TRAUMATISMO DE VASOS SANGUÍNEOS RENALES"
"S35.5","TRAUMATISMO DE VASOS SANGUÍNEOS ILIACOS"
"S35.7","TRAUMATISMO DE MÚLTIPLES VASOS SANGUÍNEOS A NIVEL DEL ABDOMEN, DE LA REGIÓN LUMBOSACRA Y DE LA PELVIS"
"S35.8","TRAUMATISMO DE OTROS VASOS SANGUÍNEOS A NIVEL DEL ABDOMEN, DE LA REGIÓN LUMBOSACRA Y DE LA PELVIS"
"S35.9","TRAUMATISMO DE VASOS SANGUÍNEOS NO ESPECIFICADOS A NIVEL DEL ABDOMEN, DE LA REGIÓN LUMBOSACRA Y DE LA PELVIS"
"S36","TRAUMATISMO DE ÓRGANOS INTRAABDOMINALES"
"S36.0","TRAUMATISMO DEL BAZO"
"S36.1","TRAUMATISMO DEL HÍGADO Y DE LA VESÍCULA BILIAR"
"S36.2","TRAUMATISMO DEL PÁNCREAS"
"S36.3","TRAUMATISMO DEL ESTÓMAGO"
"S36.4","TRAUMATISMO DEL INTESTINO DELGADO"
"S36.5","TRAUMATISMO DEL COLON"
"S36.6","TRAUMATISMO DEL RECTO"
"S36.7","TRAUMATISMO DE MÚLTIPLES ÓRGANOS INTRAABDOMINALES"
"S36.8","TRAUMATISMO DE OTROS ÓRGANOS INTRAABDOMINALES"
"S36.9","TRAUMATISMO DE ÓRGANO INTRAABDOMINAL NO ESPECIFICADO"
"S37","TRAUMATISMO DEL APARATO URINARIO Y DE LOS ÓRGANOS PÉLVICOS"
"S37.0","TRAUMATISMO DEL RIÑÓN"
"S37.1","TRAUMATISMO DEL URÉTER"
"S37.2","TRAUMATISMO DE LA VEJIGA"
"S37.3","TRAUMATISMO DE LA URETRA"
"S37.4","TRAUMATISMO DEL OVARIO"
"S37.5","TRAUMATISMO DE LA TROMPA DE FALOPIO"
"S37.6","TRAUMATISMO DEL ÚTERO"
"S37.7","TRAUMATISMO DE MÚLTIPLES ÓRGANOS PÉLVICOS"
"S37.8","TRAUMATISMO DE OTROS ÓRGANOS PÉLVICOS"
"S37.9","TRAUMATISMO DE ÓRGANO PÉLVICO NO ESPECIFICADO"
"S38","TRAUMATISMO POR APLASTAMIENTO Y AMPUTACIÓN TRAUMÁTICA DE PARTE DEL ABDOMEN, DE LA REGIÓN LUMBOSACRA Y DE LA PELVIS"
"S38.0","TRAUMATISMO POR APLASTAMIENTO DE ÓRGANOS GENITALES EXTERNOS"
"S38.1","TRAUMATISMO POR APLASTAMIENTO DE OTRAS PARTES Y DE LAS NO ESPECIFICADAS DEL ABDOMEN, DE LA REGIÓN LUMBOSACRA Y DE LA PELVIS"
"S38.2","AMPUTACIÓN TRAUMÁTICA DE ÓRGANOS GENITALES EXTERNOS"
"S38.3","AMPUTACIÓN TRAUMÁTICA DE OTRAS PARTES Y DE LAS NO ESPECIFICADAS DEL ABDOMEN, REGIÓN LUMBOSACRA Y PELVIS"
"S39","OTROS TRAUMATISMOS Y LOS NO ESPECIFICADOS DEL ABDOMEN, DE LA REGIÓN LUMBOSACRA Y DE LA PELVIS"
"S39.0","TRAUMATISMO DE TENDÓN Y DE MÚSCULOS DEL ABDOMEN, DE LA REGIÓN LUMBOSACRA Y DE LA PELVIS"
"S39.6","TRAUMATISMO DE ÓRGANO(S) INTRAABDOMINAL(ES) CON ÓRGANO(S) PÉLVICO(S)"
"S39.7","OTROS TRAUMATISMOS MÚLTIPLES DEL ABDOMEN, DE LA REGIÓN LUMBOSACRA Y DE LA PELVIS"
"S39.8","OTROS TRAUMATISMOS ESPECIFICADOS DEL ABDOMEN, DE LA REGIÓN LUMBOSACRA Y DE LA PELVIS"
"S39.9","TRAUMATISMO NO ESPECIFICADO DEL ABDOMEN, DE LA REGIÓN LUMBOSACRA Y DE LA PELVIS"
"S40","TRAUMATISMO SUPERFICIAL DEL HOMBRO Y DEL BRAZO"
"S40.0","CONTUSIÓN DEL HOMBRO Y DEL BRAZO"
"S40.7","TRAUMATISMOS SUPERFICIALES MÚLTIPLES DEL HOMBRO Y DEL BRAZO"
"S40.8","OTROS TRAUMATISMOS SUPERFICIALES DEL HOMBRO Y DEL BRAZO"
"S40.9","TRAUMATISMO SUPERFICIAL NO ESPECIFICADO DEL HOMBRO Y DEL BRAZO"
"S41","HERIDA DEL HOMBRO Y DEL BRAZO"
"S41.0","HERIDA DEL HOMBRO"
"S41.1","HERIDA DEL BRAZO"
"S41.7","HERIDAS MÚLTIPLES DEL HOMBRO Y DEL BRAZO"
"S41.8","HERIDA DE OTRAS PARTES Y DE LAS NO ESPECIFICADAS DEL HOMBRO Y DEL BRAZO"
"S42","FRACTURA DEL HOMBRO Y DEL BRAZO"
"S42.0","FRACTURA DE LA CLAVÍCULA"
"S42.1","FRACTURA DEL OMÓPLATO"
"S42.2","FRACTURA DE LA EPÍFISIS SUPERIOR DEL HÚMERO"
"S42.3","FRACTURA DE LA DIÁFISIS DEL HÚMERO"
"S42.4","FRACTURA DE LA EPÍFISIS INFERIOR DEL HÚMERO"
"S42.7","FRACTURAS MÚLTIPLES DE LA CLAVÍCULA, DEL OMÓPLATO Y DEL HÚMERO"
"S42.8","FRACTURA DE OTRAS PARTES DEL HOMBRO Y DEL BRAZO"
"S42.9","FRACTURA DEL HOMBRO Y DEL BRAZO, PARTE NO ESPECIFICADA"
"S43","LUXACIÓN, ESGUINCE Y TORCEDURA DE ARTICULACIONES Y LIGAMENTOS DE LA CINTURA ESCAPULAR"
"S43.0","LUXACIÓN DE LA ARTICULACIÓN DEL HOMBRO"
"S43.1","LUXACIÓN DE LA ARTICULACIÓN ACROMIOCLAVICULAR"
"S43.2","LUXACIÓN DE LA ARTICULACIÓN ESTERNOCLAVICULAR"
"S43.3","LUXACIÓN DE OTRAS PARTES DE LA CINTURA ESCAPULAR Y DE LAS NO ESPECIFICADAS"
"S43.4","ESGUINCES Y TORCEDURAS DE LA ARTICULACIÓN DEL HOMBRO"
"S43.5","ESGUINCES Y TORCEDURAS DE LA ARTICULACIÓN ACROMIOCLAVICULAR"
"S43.6","ESGUINCES Y TORCEDURAS DE LA ARTICULACIÓN ESTERNOCLAVICULAR"
"S43.7","ESGUINCES Y TORCEDURAS DE OTRAS PARTES Y DE LAS NO ESPECIFICADAS DE LA CINTURA ESCAPULAR"
"S44","TRAUMATISMO DE NERVIOS A NIVEL DEL HOMBRO Y DEL BRAZO"
"S44.0","TRAUMATISMO DEL NERVIO CUBITAL A NIVEL DEL BRAZO"
"S44.1","TRAUMATISMO DEL NERVIO MEDIANO A NIVEL DEL BRAZO"
"S44.2","TRAUMATISMO DEL NERVIO RADIAL A NIVEL DEL BRAZO"
"S44.3","TRAUMATISMO DEL NERVIO AXILAR"
"S44.4","TRAUMATISMO DEL NERVIO MUSCULOCUTÁNEO"
"S44.5","TRAUMATISMO DEL NERVIO SENSITIVO CUTÁNEO A NIVEL DEL HOMBRO Y DEL BRAZO"
"S44.7","TRAUMATISMO DE MÚLTIPLES NERVIOS A NIVEL DEL HOMBRO Y DEL BRAZO"
"S44.8","TRAUMATISMO DE OTROS NERVIOS A NIVEL DEL HOMBRO Y DEL BRAZO"
"S44.9","TRAUMATISMO DE NERVIO NO ESPECIFICADO A NIVEL DEL HOMBRO Y DEL BRAZO"
"S45","TRAUMATISMO DE VASOS SANGUÍNEOS A NIVEL DEL HOMBRO Y DEL BRAZO"
"S45.0","TRAUMATISMO DE LA ARTERIA AXILAR"
"S45.1","TRAUMATISMO DE LA ARTERIA BRAQUIAL"
"S45.2","TRAUMATISMO DE LA VENA AXILAR O BRAQUIAL"
"S45.3","TRAUMATISMO DE VENA SUPERFICIAL A NIVEL DEL HOMBRO Y DEL BRAZO"
"S45.7","TRAUMATISMO DE MÚLTIPLES VASOS SANGUÍNEOS A NIVEL DEL HOMBRO Y DEL BRAZO"
"S45.8","TRAUMATISMO DE OTROS VASOS SANGUÍNEOS A NIVEL DEL HOMBRO Y DEL BRAZO"
"S45.9","TRAUMATISMO DE VASO SANGUÍNEO NO ESPECIFICADO A NIVEL DEL HOMBRO Y DEL BRAZO"
"S46","TRAUMATISMO DE TENDÓN Y MÚSCULO A NIVEL DEL HOMBRO Y DEL BRAZO"
"S46.0","TRAUMATISMO DEL TENDÓN DEL MANGUITO ROTATORIO DEL HOMBRO"
"S46.1","TRAUMATISMO DEL TENDÓN Y MÚSCULO DE LA CABEZA LARGA DEL BÍCEPS"
"S46.2","TRAUMATISMO DEL TENDÓN Y MÚSCULO DE OTRAS PARTES DEL BÍCEPS"
"S46.3","TRAUMATISMO DEL TENDÓN Y MÚSCULO DEL TRÍCEPS"
"S46.7","TRAUMATISMO DE MÚLTIPLES TENDONES Y MÚSCULOS A NIVEL DEL HOMBRO Y DEL BRAZO"
"S46.8","TRAUMATISMO DE OTROS TENDONES Y MÚSCULOS A NIVEL DEL HOMBRO Y DEL BRAZO"
"S46.9","TRAUMATISMO DE TENDÓN Y MÚSCULO NO ESPECIFICADO, A NIVEL DEL HOMBRO Y DEL BRAZO"
"S47","TRAUMATISMO POR APLASTAMIENTO DEL HOMBRO Y DEL BRAZO"
"S48","AMPUTACIÓN TRAUMÁTICA DEL HOMBRO Y DEL BRAZO"
"S48.0","AMPUTACIÓN TRAUMÁTICA EN LA ARTICULACIÓN DEL HOMBRO"
"S48.1","AMPUTACIÓN TRAUMÁTICA A NIVEL ENTRE EL HOMBRO Y EL CODO"
"S48.9","AMPUTACIÓN TRAUMÁTICA DEL HOMBRO Y DEL BRAZO, NIVEL NO ESPECIFICADO"
"S49","OTROS TRAUMATISMOS Y LOS NO ESPECIFICADOS DEL HOMBRO Y DEL BRAZO"
"S49.7","TRAUMATISMOS MÚLTIPLES DEL HOMBRO Y DEL BRAZO"
"S49.8","OTROS TRAUMATISMOS ESPECIFICADOS DEL HOMBRO Y DEL BRAZO"
"S49.9","TRAUMATISMOS NO ESPECIFICADOS DEL HOMBRO Y DEL BRAZO"
"S50","TRAUMATISMO SUPERFICIAL DEL ANTEBRAZO Y DEL CODO"
"S50.0","CONTUSIÓN DEL CODO"
"S50.1","CONTUSIÓN DE OTRAS PARTES DEL ANTEBRAZO Y DE LAS NO ESPECIFICADAS"
"S50.7","TRAUMATISMOS SUPERFICIALES MÚLTIPLES DEL ANTEBRAZO"
"S50.8","OTROS TRAUMATISMOS SUPERFICIALES DEL ANTEBRAZO"
"S50.9","TRAUMATISMO SUPERFICIAL DEL ANTEBRAZO, NO ESPECIFICADO"
"S51","HERIDA DEL ANTEBRAZO Y DEL CODO"
"S51.0","HERIDA DEL CODO"
"S51.7","HERIDAS MÚLTIPLES DEL ANTEBRAZO"
"S51.8","HERIDA DE OTRAS PARTES DEL ANTEBRAZO"
"S51.9","HERIDA DEL ANTEBRAZO, PARTE NO ESPECIFICADA"
"S52","FRACTURA DEL ANTEBRAZO"
"S52.0","FRACTURA DE LA EPÍFISIS SUPERIOR DEL CÚBITO"
"S52.1","FRACTURA DE LA EPÍFISIS SUPERIOR DEL RADIO"
"S52.2","FRACTURA DE LA DIÁFISIS DEL CÚBITO"
"S52.3","FRACTURA DE LA DIÁFISIS DEL RADIO"
"S52.4","FRACTURA DE LA DIÁFISIS DEL CÚBITO Y DEL RADIO"
"S52.5","FRACTURA DE LA EPÍFISIS INFERIOR DEL RADIO"
"S52.6","FRACTURA DE LA EPÍFISIS INFERIOR DEL CÚBITO Y DEL RADIO"
"S52.7","FRACTURAS MÚLTIPLES DEL ANTEBRAZO"
"S52.8","FRACTURA DE OTRAS PARTES DEL ANTEBRAZO"
"S52.9","FRACTURA DEL ANTEBRAZO, PARTE NO ESPECIFICADA"
"S53","LUXACIÓN, ESGUINCE Y TORCEDURA DE ARTICULACIONES Y LIGAMENTOS DEL CODO"
"S53.0","LUXACIÓN DE LA CABEZA DEL RADIO"
"S53.1","LUXACIÓN DEL CODO, NO ESPECIFICADA"
"S53.2","RUPTURA TRAUMÁTICA DEL LIGAMENTO LATERAL DEL RADIO"
"S53.3","RUPTURA TRAUMÁTICA DEL LIGAMENTO LATERAL DEL CÚBITO"
"S53.4","ESGUINCES Y TORCEDURAS DEL CODO"
"S54","TRAUMATISMO DE NERVIOS A NIVEL DEL ANTEBRAZO"
"S54.0","TRAUMATISMO DEL NERVIO CUBITAL A NIVEL DEL ANTEBRAZO"
"S54.1","TRAUMATISMO DEL NERVIO MEDIANO A NIVEL DEL ANTEBRAZO"
"S54.2","TRAUMATISMO DEL NERVIO RADIAL A NIVEL DEL ANTEBRAZO"
"S54.3","TRAUMATISMO DEL NERVIO SENSORIAL CUTÁNEO A NIVEL DEL ANTEBRAZO"
"S54.7","TRAUMATISMO DE MÚLTIPLES NERVIOS A NIVEL DEL ANTEBRAZO"
"S54.8","TRAUMATISMO DE OTROS NERVIOS A NIVEL DEL ANTEBRAZO"
"S54.9","TRAUMATISMO DE NERVIO NO ESPECIFICADO A NIVEL DEL ANTEBRAZO"
"S55","TRAUMATISMO DE LOS VASOS SANGUÍNEOS A NIVEL DEL ANTEBRAZO"
"S55.0","TRAUMATISMO DE LA ARTERIA CUBITAL A NIVEL DEL ANTEBRAZO"
"S55.1","TRAUMATISMO DE LA ARTERIA RADIAL A NIVEL DEL ANTEBRAZO"
"S55.2","TRAUMATISMO DE VENA A NIVEL DEL ANTEBRAZO"
"S55.7","TRAUMATISMO DE MÚLTIPLES VASOS SANGUÍNEOS A NIVEL DEL ANTEBRAZO"
"S55.8","TRAUMATISMO DE OTROS VASOS SANGUÍNEOS A NIVEL DEL ANTEBRAZO"
"S55.9","TRAUMATISMO DE VASO SANGUÍNEO NO ESPECIFICADO A NIVEL DEL ANTEBRAZO"
"S56","TRAUMATISMO DE TENDÓN Y MÚSCULO A NIVEL DEL ANTEBRAZO"
"S56.0","TRAUMATISMO DEL TENDÓN Y MÚSCULO FLEXOR DEL PULGAR A NIVEL DEL ANTEBRAZO"
"S56.1","TRAUMATISMO DEL TENDÓN Y MÚSCULO FLEXOR DE OTRO(S) DEDO(S) A NIVEL DEL ANTEBRAZO"
"S56.2","TRAUMATISMO DE OTRO TENDÓN Y MÚSCULO FLEXOR A NIVEL DEL ANTEBRAZO"
"S56.3","TRAUMATISMO DE TENDONES Y MÚSCULOS ABDUCTORES Y EXTENSORES DEL PULGAR A NIVEL DEL ANTEBRAZO"
"S56.4","TRAUMATISMO DEL TENDÓN Y MÚSCULO EXTENSOR DE OTRO(S) DEDO(S) A NIVEL DEL ANTEBRAZO"
"S56.5","TRAUMATISMO DE OTRO TENDÓN Y MÚSCULO EXTENSOR A NIVEL DEL ANTEBRAZO"
"S56.7","TRAUMATISMO DE MÚLTIPLES TENDONES Y MÚSCULOS A NIVEL DEL ANTEBRAZO"
"S56.8","TRAUMATISMO DE OTROS TENDONES Y MÚSCULOS Y DE LOS NO ESPECIFICADOS, A NIVEL DEL ANTEBRAZO"
"S57","TRAUMATISMO POR APLASTAMIENTO DEL ANTEBRAZO"
"S57.0","TRAUMATISMO POR APLASTAMIENTO DEL CODO"
"S57.8","TRAUMATISMO POR APLASTAMIENTO DE OTRAS PARTES DEL ANTEBRAZO"
"S57.9","TRAUMATISMO POR APLASTAMIENTO DEL ANTEBRAZO, PARTE NO ESPECIFICADA"
"S58","AMPUTACIÓN TRAUMÁTICA DEL ANTEBRAZO"
"S58.0","AMPUTACIÓN TRAUMÁTICA A NIVEL DEL CODO"
"S58.1","AMPUTACIÓN TRAUMÁTICA NIVEL ENTRE EL CODO Y LA MUÑECA"
"S58.9","AMPUTACIÓN TRAUMÁTICA DEL ANTEBRAZO, NIVEL NO ESPECIFICADO"
"S59","OTROS TRAUMATISMOS Y LOS NO ESPECIFICADOS DEL ANTEBRAZO"
"S59.7","TRAUMATISMOS MÚLTIPLES DEL ANTEBRAZO"
"S59.8","OTROS TRAUMATISMOS ESPECIFICADOS DEL ANTEBRAZO"
"S59.9","TRAUMATISMO NO ESPECIFICADO DEL ANTEBRAZO"
"S60","TRAUMATISMO SUPERFICIAL DE LA MUÑECA Y DE LA MANO"
"S60.0","CONTUSIÓN DE DEDO(S) DE LA MANO, SIN DAÑO DE LA(S) UÑA(S)"
"S60.1","CONTUSIÓN DE DEDO(S) DE LA MANO CON DAÑO DE LA(S) UÑA(S)"
"S60.2","CONTUSIÓN DE OTRAS PARTES DE LA MUÑECA Y DE LA MANO"
"S60.7","TRAUMATISMOS SUPERFICIALES MÚLTIPLES DE LA MUÑECA Y DE LA MANO"
"S60.8","OTROS TRAUMATISMOS SUPERFICIALES DE LA MUÑECA Y DE LA MANO"
"S60.9","TRAUMATISMO SUPERFICIAL DE LA MUÑECA Y DE LA MANO, NO ESPECIFICADO"
"S61","HERIDA DE LA MUÑECA Y DE LA MANO"
"S61.0","HERIDA DE DEDO(S) DE LA MANO, SIN DAÑO DE LA(S) UÑA(S)"
"S61.1","HERIDA DE DEDO(S) DE LA MANO, CON DAÑO DE LA(S) UÑA(S)"
"S61.7","HERIDAS MÚLTIPLES DE LA MUÑECA Y DE LA MANO"
"S61.8","HERIDA DE OTRAS PARTES DE LA MUÑECA Y DE LA MANO"
"S61.9","HERIDA DE LA MUÑECA Y DE LA MANO, PARTE NO ESPECIFICADA"
"S62","FRACTURA A NIVEL DE LA MUÑECA Y DE LA MANO"
"S62.0","FRACTURA DEL HUESO ESCAFOIDES [NAVICULAR] DE LA MANO"
"S62.1","FRACTURA DE OTRO(S) HUESO(S) DEL CARPO"
"S62.2","FRACTURA DEL PRIMER METACARPIANO"
"S62.3","FRACTURA DE OTROS HUESOS METACARPIANOS"
"S62.4","FRACTURAS MÚLTIPLES DE HUESOS METACARPIANOS"
"S62.5","FRACTURA DEL PULGAR"
"S62.6","FRACTURA DE OTRO DEDO DE LA MANO"
"S62.7","FRACTURAS MÚLTIPLES DE LOS DEDOS DE LA MANO"
"S62.8","FRACTURA DE OTRAS PARTES Y DE LAS NO ESPECIFICADAS DE LA MUÑECA Y DE LA MANO"
"S63","LUXACIÓN, ESGUINCE Y TORCEDURA DE ARTICULACIONES Y LIGAMENTOS A NIVEL DE LA MUÑECA Y DE LA MANO"
"S63.0","LUXACIÓN DE LA MUÑECA"
"S63.1","LUXACIÓN DE DEDOS DE LA MANO"
"S63.2","LUXACIONES MÚLTIPLES DE DEDOS DE LA MANO"
"S63.3","RUPTURA TRAUMÁTICA DE LIGAMENTOS DE LA MUÑECA Y DEL CARPO"
"S63.4","RUPTURA TRAUMÁTICA DE LIGAMENTOS DEL DEDO DE LA MANO EN LA(S) ARTICULACIÓN(ES) METACARPOFALÁNGICA E INTERFALÁNGICA"
"S63.5","ESGUINCE Y TORCEDURA DE LA MUÑECA"
"S63.6","ESGUINCES Y TORCEDURAS DE DEDO(S) DE LA MANO"
"S63.7","ESGUINCES Y TORCEDURAS DE OTRAS PARTES Y DE LAS NO ESPECIFICADAS DE LA MUÑECA Y DE LA MANO"
"S64","TRAUMATISMO DE NERVIOS A NIVEL DE LA MUÑECA Y DE LA MANO"
"S64.0","TRAUMATISMO DEL NERVIO CUBITAL A NIVEL DE LA MUÑECA Y DE LA MANO"
"S64.1","TRAUMATISMO DEL NERVIO MEDIANO A NIVEL DE LA MUÑECA Y DE LA MANO"
"S64.2","TRAUMATISMO DEL NERVIO RADIAL A NIVEL DE LA MUÑECA Y DE LA MANO"
"S64.3","TRAUMATISMO DEL NERVIO DIGITAL DEL PULGAR"
"S64.4","TRAUMATISMO DEL NERVIO DIGITAL DE OTRO DEDO"
"S64.7","TRAUMATISMO DE MÚLTIPLES NERVIOS A NIVEL DE LA MUÑECA Y DE LA MANO"
"S64.8","TRAUMATISMO DE OTROS NERVIOS A NIVEL DE LA MUÑECA Y DE LA MANO"
"S64.9","TRAUMATISMO DE NERVIO NO ESPECIFICADO A NIVEL DE LA MUÑECA Y DE LA MANO"
"S65","TRAUMATISMO DE VASOS SANGUÍNEOS A NIVEL DE LA MUÑECA Y DE LA MANO"
"S65.0","TRAUMATISMO DE LA ARTERIA CUBITAL A NIVEL DE LA MUÑECA Y DE LA MANO"
"S65.1","TRAUMATISMO DE LA ARTERIA RADIAL A NIVEL DE LA MUÑECA Y DE LA MANO"
"S65.2","TRAUMATISMO DEL ARCO PALMAR SUPERFICIAL"
"S65.3","TRAUMATISMO DEL ARCO PALMAR PROFUNDO"
"S65.4","TRAUMATISMO DE VASO(S) SANGUÍNEO(S) DEL PULGAR"
"S65.5","TRAUMATISMO DE VASO(S) SANGUÍNEO(S) DE OTRO DEDO"
"S65.7","TRAUMATISMO DE MÚLTIPLES VASOS SANGUÍNEOS A NIVEL DE LA MUÑECA Y DE LA MANO"
"S65.8","TRAUMATISMO DE OTROS VASOS SANGUÍNEOS A NIVEL DE LA MUÑECA Y DE LA MANO"
"S65.9","TRAUMATISMO DE VASO SANGUÍNEO NO ESPECIFICADO, A NIVEL DE LA MUÑECA Y DE LA MANO"
"S66","TRAUMATISMO DE TENDÓN Y MÚSCULO A NIVEL DE LA MUÑECA Y DE LA MANO"
"S66.0","TRAUMATISMO DEL TENDÓN Y MÚSCULO FLEXOR LARGO DEL PULGAR A NIVEL DE LA MUÑECA Y DE LA MANO"
"S66.1","TRAUMATISMO DEL TENDÓN Y MÚSCULO FLEXOR DE OTRO DEDO A NIVEL DE LA MUÑECA Y DE LA MANO"
"S66.2","TRAUMATISMO DEL TENDÓN Y MÚSCULO EXTENSOR DEL PULGAR A NIVEL DE LA MUÑECA Y DE LA MANO"
"S66.3","TRAUMATISMO DEL TENDÓN Y MÚSCULO EXTENSOR DE OTRO(S) DEDO(S) A NIVEL DE LA MUÑECA Y DE LA MANO"
"S66.4","TRAUMATISMO DEL MÚSCULO Y TENDÓN INTRÍNSECO DEL PULGAR A NIVEL DE LA MUÑECA Y DE LA MANO"
"S66.5","TRAUMATISMO DEL MÚSCULO Y TENDÓN INTRÍNSECO DE OTRO(S) DEDO(S) A NIVEL DE LA MUÑECA Y DE LA MANO"
"S66.6","TRAUMATISMO DE MÚLTIPLES TENDONES Y MÚSCULOS FLEXORES A NIVEL DE LA MUÑECA Y DE LA MANO"
"S66.7","TRAUMATISMO DE MÚLTIPLES TENDONES Y MÚSCULOS EXTENSORES A NIVEL DE LA MUÑECA Y DE LA MANO"
"S66.8","TRAUMATISMO DE OTROS TENDONES Y MÚSCULOS A NIVEL DE LA MUÑECA Y DE LA MANO"
"S66.9","TRAUMATISMO DE TENDÓN Y MÚSCULO NO ESPECIFICADO, A NIVEL DE LA MUÑECA Y DE LA MANO"
"S67","TRAUMATISMO POR APLASTAMIENTO DE LA MUÑECA Y DE LA MANO"
"S67.0","TRAUMATISMO POR APLASTAMIENTO DEL PULGAR Y OTRO(S) DEDO(S)"
"S67.8","TRAUMATISMO POR APLASTAMIENTO DE OTRAS PARTES Y DE LAS NO ESPECIFICADAS DE LA MUÑECA Y DE LA MANO"
"S68","AMPUTACIÓN TRAUMÁTICA DE LA MUÑECA Y DE LA MANO"
"S68.0","AMPUTACIÓN TRAUMÁTICA DEL PULGAR (COMPLETA) (PARCIAL)"
"S68.1","AMPUTACIÓN TRAUMÁTICA DE OTRO DEDO ÚNICO (COMPLETA) (PARCIAL)"
"S68.2","AMPUTACIÓN TRAUMÁTICA DE DOS O MÁS DEDOS SOLAMENTE (COMPLETA) (PARCIAL)"
"S68.3","AMPUTACIÓN TRAUMÁTICA COMBINADA (DE PARTE) DE DEDO(S) CON OTRAS PARTES DE LA MUÑECA Y DE LA MANO"
"S68.4","AMPUTACIÓN TRAUMÁTICA DE LA MANO A NIVEL DE LA MUÑECA"
"S68.8","AMPUTACIÓN TRAUMÁTICA DE OTRAS PARTES DE LA MUÑECA Y DE LA MANO"
"S68.9","AMPUTACIÓN TRAUMÁTICA DE LA MUÑECA Y DE LA MANO, NIVEL NO ESPECIFICADO"
"S69","OTROS TRAUMATISMOS Y LOS NO ESPECIFICADOS DE LA MUÑECA Y DE LA MANO"
"S69.7","TRAUMATISMOS MÚLTIPLES DE LA MUÑECA Y DE LA MANO"
"S69.8","OTROS TRAUMATISMOS ESPECIFICADOS DE LA MUÑECA Y DE LA MANO"
"S69.9","TRAUMATISMO NO ESPECIFICADO DE LA MUÑECA Y DE LA MANO"
"S70","TRAUMATISMO SUPERFICIAL DE LA CADERA Y DEL MUSLO"
"S70.0","CONTUSIÓN DE LA CADERA"
"S70.1","CONTUSIÓN DEL MUSLO"
"S70.7","TRAUMATISMOS SUPERFICIALES MÚLTIPLES DE LA CADERA Y DEL MUSLO"
"S70.8","OTROS TRAUMATISMOS SUPERFICIALES DE LA CADERA Y DEL MUSLO"
"S70.9","TRAUMATISMO SUPERFICIAL DE LA CADERA Y DEL MUSLO, NO ESPECIFICADO"
"S71","HERIDA DE LA CADERA Y DEL MUSLO"
"S71.0","HERIDA DE LA CADERA"
"S71.1","HERIDA DEL MUSLO"
"S71.7","HERIDAS MÚLTIPLES DE LA CADERA Y DEL MUSLO"
"S71.8","HERIDA DE OTRAS PARTES Y DE LAS NO ESPECIFICADAS DE LA CINTURA PÉLVICA"
"S72","FRACTURA DEL FÉMUR"
"S72.0","FRACTURA DEL CUELLO DE FÉMUR"
"S72.1","FRACTURA PERTROCANTERIANA"
"S72.2","FRACTURA SUBTROCANTERIANA"
"S72.3","FRACTURA DE LA DIÁFISIS DEL FÉMUR"
"S72.4","FRACTURA DE LA EPÍFISIS INFERIOR DEL FÉMUR"
"S72.7","FRACTURAS MÚLTIPLES DEL FÉMUR"
"S72.8","FRACTURAS DE OTRAS PARTES DEL FÉMUR"
"S72.9","FRACTURA DEL FÉMUR, PARTE NO ESPECIFICADA"
"S73","LUXACIÓN, ESGUINCE Y TORCEDURA DE LA ARTICULACIÓN Y DE LOS LIGAMENTOS DE LA CADERA"
"S73.0","LUXACIÓN DE LA CADERA"
"S73.1","ESGUINCES Y TORCEDURAS DE LA CADERA"
"S74","TRAUMATISMO DE NERVIOS A NIVEL DE LA CADERA Y DEL MUSLO"
"S74.0","TRAUMATISMO DEL NERVIO CIÁTICO A NIVEL DE LA CADERA Y DEL MUSLO"
"S74.1","TRAUMATISMO DEL NERVIO FEMOROCUTÁNEO A NIVEL DE LA CADERA Y DEL MUSLO"
"S74.2","TRAUMATISMO DEL NERVIO SENSORIAL CUTÁNEO A NIVEL DE LA CADERA Y DEL MUSLO"
"S74.7","TRAUMATISMO DE NERVIOS MÚLTIPLES A NIVEL DE LA CADERA Y DEL MUSLO"
"S74.8","TRAUMATISMO DE OTROS NERVIOS A NIVEL DE LA CADERA Y DEL MUSLO"
"S74.9","TRAUMATISMO DE NERVIO NO ESPECIFICADO A NIVEL DE LA CADERA Y DEL MUSLO"
"S75","TRAUMATISMO DE VASOS SANGUÍNEOS A NIVEL DE LA CADERA Y DEL MUSLO"
"S75.0","TRAUMATISMO DE LA ARTERIA FEMORAL"
"S75.1","TRAUMATISMO DE LA VENA FEMORAL A NIVEL DE LA CADERA Y DEL MUSLO"
"S75.2","TRAUMATISMO DE LA GRAN VENA SAFENA A NIVEL DE LA CADERA Y DEL MUSLO"
"S75.7","TRAUMATISMO DE MÚLTIPLES VASOS SANGUÍNEOS A NIVEL DE LA CADERA Y DEL MUSLO"
"S75.8","TRAUMATISMO DE OTROS VASOS SANGUÍNEOS A NIVEL DE LA CADERA Y DEL MUSLO"
"S75.9","TRAUMATISMO DE VASO SANGUÍNEO NO ESPECIFICADO A NIVEL DE LA CADERA Y DEL MUSLO"
"S76","TRAUMATISMO DE TENDÓN Y MÚSCULO A NIVEL DE LA CADERA Y DEL MUSLO"
"S76.0","TRAUMATISMO DEL TENDÓN Y MÚSCULO DE LA CADERA"
"S76.1","TRAUMATISMO DEL TENDÓN Y MÚSCULO CUÁDRICEPS"
"S76.2","TRAUMATISMO DEL TENDÓN Y MÚSCULO ADUCTOR MAYOR DEL MUSLO"
"S76.3","TRAUMATISMO DE TENDÓN Y MÚSCULO DEL GRUPO MUSCULAR POSTERIOR A NIVEL DEL MUSLO"
"S76.4","TRAUMATISMO DE OTROS TENDONES Y MÚSCULOS Y LOS NO ESPECIFICADOS A NIVEL DEL MUSLO"
"S76.7","TRAUMATISMO DE MÚLTIPLES TENDONES Y MÚSCULOS A NIVEL DE LA CADERA Y DEL MUSLO"
"S77","TRAUMATISMO POR APLASTAMIENTO DE LA CADERA Y DEL MUSLO"
"S77.0","TRAUMATISMO POR APLASTAMIENTO DE LA CADERA"
"S77.1","TRAUMATISMO POR APLASTAMIENTO DEL MUSLO"
"S77.2","TRAUMATISMO POR APLASTAMIENTO DE LA CADERA CON EL MUSLO"
"S78","AMPUTACIÓN TRAUMÁTICA DE LA CADERA Y DEL MUSLO"
"S78.0","AMPUTACIÓN TRAUMÁTICA DE LA ARTICULACIÓN DE LA CADERA"
"S78.1","AMPUTACIÓN TRAUMÁTICA EN ALGÚN NIVEL ENTRE LA CADERA Y LA RODILLA"
"S78.9","AMPUTACIÓN TRAUMÁTICA DE CADERA Y MUSLO, NIVEL NO ESPECIFICADO"
"S79","OTROS TRAUMATISMOS Y LOS NO ESPECIFICADOS DE LA CADERA Y DEL MUSLO"
"S79.7","TRAUMATISMOS MÚLTIPLES DE LA CADERA Y DEL MUSLO"
"S79.8","OTROS TRAUMATISMOS ESPECIFICADOS DE LA CADERA Y DEL MUSLO"
"S79.9","TRAUMATISMO NO ESPECIFICADO DE LA CADERA Y DEL MUSLO"
"S80","TRAUMATISMO SUPERFICIAL DE LA PIERNA"
"S80.0","CONTUSIÓN DE LA RODILLA"
"S80.1","CONTUSIÓN DE OTRAS PARTES Y LAS NO ESPECIFICADAS DE LA PIERNA"
"S80.7","TRAUMATISMOS SUPERFICIALES MÚLTIPLES DE LA PIERNA"
"S80.8","OTROS TRAUMATISMOS SUPERFICIALES DE LA PIERNA"
"S80.9","TRAUMATISMO SUPERFICIAL DE LA PIERNA, NO ESPECIFICADO"
"S81","HERIDA DE LA PIERNA"
"S81.0","HERIDA DE LA RODILLA"
"S81.7","HERIDAS MÚLTIPLES DE LA PIERNA"
"S81.8","HERIDA DE OTRAS PARTES DE LA PIERNA"
"S81.9","HERIDA DE LA PIERNA, PARTE NO ESPECIFICADA"
"S82","FRACTURA DE LA PIERNA, INCLUSIVE EL TOBILLO"
"S82.0","FRACTURA DE LA RÓTULA"
"S82.1","FRACTURA DE LA EPÍFISIS SUPERIOR DE LA TIBIA"
"S82.2","FRACTURA DE LA DIÁFISIS DE LA TIBIA"
"S82.3","FRACTURA DE LA EPÍFISIS INFERIOR DE LA TIBIA"
"S82.4","FRACTURA DEL PERONÉ SOLAMENTE"
"S82.5","FRACTURA DEL MALÉOLO INTERNO"
"S82.6","FRACTURA DEL MALÉOLO EXTERNO"
"S82.7","FRACTURAS MÚLTIPLES DE LA PIERNA"
"S82.8","FRACTURA DE OTRAS PARTES DE LA PIERNA"
"S82.9","FRACTURA DE LA PIERNA, PARTE NO ESPECIFICADA"
"S83","LUXACIÓN, ESGUINCE Y TORCEDURA DE ARTICULACIONES Y LIGAMENTOS DE LA RODILLA"
"S83.0","LUXACIÓN DE LA RÓTULA"
"S83.1","LUXACIÓN DE LA RODILLA"
"S83.2","DESGARRO DE MENISCOS, PRESENTE"
"S83.3","DESGARRO DEL CARTÍLAGO ARTICULAR DE LA RODILLA, PRESENTE"
"S83.4","ESGUINCES Y TORCEDURAS QUE COMPROMETEN LOS LIGAMENTOS LATERALES (EXTERNO) (INTERNO) DE LA RODILLA"
"S83.5","ESGUINCES Y TORCEDURAS QUE COMPROMETEN EL LIGAMENTO CRUZADO (ANTERIOR) (POSTERIOR) DE LA RODILLA"
"S83.6","ESGUINCES Y TORCEDURAS DE OTRAS PARTES Y LAS NO ESPECIFICADAS DE LA RODILLA"
"S83.7","TRAUMATISMO DE ESTRUCTURAS MÚLTIPLES DE LA RODILLA"
"S84","TRAUMATISMO DE NERVIOS A NIVEL DE LA PIERNA"
"S84.0","TRAUMATISMO DEL NERVIO TIBIAL A NIVEL DE LA PIERNA"
"S84.1","TRAUMATISMO DEL NERVIO PERONEO A NIVEL DE LA PIERNA"
"S84.2","TRAUMATISMO DEL NERVIO SENSORIAL CUTÁNEO A NIVEL DE LA PIERNA"
"S84.7","TRAUMATISMO DE NERVIOS MÚLTIPLES A NIVEL DE LA PIERNA"
"S84.8","TRAUMATISMO DE OTROS NERVIOS A NIVEL DE LA PIERNA"
"S84.9","TRAUMATISMO DE NERVIO NO ESPECIFICADO A NIVEL DE LA PIERNA"
"S85","TRAUMATISMO DE VASOS SANGUÍNEOS A NIVEL DE LA PIERNA"
"S85.0","TRAUMATISMO DE LA ARTERIA POPLÍTEA"
"S85.1","TRAUMATISMO DE LA ARTERIA TIBIAL (ANTERIOR) (POSTERIOR)"
"S85.2","TRAUMATISMO DE LA ARTERIA PERONEA"
"S85.3","TRAUMATISMO DE LA GRAN VENA SAFENA A NIVEL DE LA PIERNA"
"S85.4","TRAUMATISMO DE LA VENA SAFENA EXTERNA A NIVEL DE LA PIERNA"
"S85.5","TRAUMATISMO DE LA VENA POPLÍTEA"
"S85.7","TRAUMATISMO DE VASOS SANGUÍNEOS MÚLTIPLES A NIVEL DE LA PIERNA"
"S85.8","TRAUMATISMO DE OTROS VASOS SANGUÍNEOS A NIVEL DE LA PIERNA"
"S85.9","TRAUMATISMO DE VASO SANGUÍNEO NO ESPECIFICADO A NIVEL DE LA PIERNA"
"S86","TRAUMATISMO DE TENDÓN Y MÚSCULO A NIVEL DE LA PIERNA"
"S86.0","TRAUMATISMO DEL TENDÓN DE AQUILES"
"S86.1","TRAUMATISMO DE OTRO(S) TENDÓN(ES) Y MÚSCULO(S) DEL GRUPO MUSCULAR POSTERIOR A NIVEL DE LA PIERNA"
"S86.2","TRAUMATISMO DE TENDÓN(ES) Y MÚSCULO(S) DEL GRUPO MUSCULAR ANTERIOR A NIVEL DE LA PIERNA"
"S86.3","TRAUMATISMO DE TENDÓN(ES) Y MÚSCULO(S) DEL GRUPO MUSCULAR PERONEO A NIVEL DE LA PIERNA"
"S86.7","TRAUMATISMO DE MÚLTIPLES TENDONES Y MÚSCULOS A NIVEL DE LA PIERNA"
"S86.8","TRAUMATISMO DE OTROS TENDONES Y MÚSCULOS A NIVEL DE LA PIERNA"
"S86.9","TRAUMATISMO DE TENDÓN Y MÚSCULO NO ESPECIFICADO A NIVEL DE LA PIERNA"
"S87","TRAUMATISMO POR APLASTAMIENTO DE LA PIERNA"
"S87.0","TRAUMATISMO POR APLASTAMIENTO DE LA RODILLA"
"S87.8","TRAUMATISMO POR APLASTAMIENTO DE OTRAS PARTES Y DE LAS NO ESPECIFICADAS DE LA PIERNA"
"S88","AMPUTACIÓN TRAUMÁTICA DE LA PIERNA"
"S88.0","AMPUTACIÓN TRAUMÁTICA A NIVEL DE LA RODILLA"
"S88.1","AMPUTACIÓN TRAUMÁTICA EN ALGÚN NIVEL ENTRE LA RODILLA Y EL TOBILLO"
"S88.9","AMPUTACIÓN TRAUMÁTICA DE LA PIERNA, NIVEL NO ESPECIFICADO"
"S89","OTROS TRAUMATISMOS Y LOS NO ESPECIFICADOS DE LA PIERNA"
"S89.7","TRAUMATISMOS MÚLTIPLES DE LA PIERNA"
"S89.8","OTROS TRAUMATISMOS DE LA PIERNA, ESPECIFICADOS"
"S89.9","TRAUMATISMO DE LA PIERNA, NO ESPECIFICADO"
"S90","TRAUMATISMO SUPERFICIAL DEL TOBILLO Y DEL PIE"
"S90.0","CONTUSIÓN DEL TOBILLO"
"S90.1","CONTUSIÓN DE DEDO(S) DEL PIE SIN DAÑO DE LA(S) UÑA(S)"
"S90.2","CONTUSIÓN DE DEDO(S) DEL PIE CON DAÑO DE LA(S) UÑA(S)"
"S90.3","CONTUSIÓN DE OTRAS PARTES Y DE LAS NO ESPECIFICADAS DEL PIE"
"S90.7","TRAUMATISMOS SUPERFICIALES MÚLTIPLES DEL PIE Y DEL TOBILLO"
"S90.8","OTROS TRAUMATISMOS SUPERFICIALES DEL PIE Y DEL TOBILLO"
"S90.9","TRAUMATISMO SUPERFICIAL DEL PIE Y DEL TOBILLO, NO ESPECIFICADO"
"S91","HERIDA DEL TOBILLO Y DEL PIE"
"S91.0","HERIDA DEL TOBILLO"
"S91.1","HERIDA DE DEDO(S) DEL PIE SIN DAÑO DE LA(S) UÑA(S)"
"S91.2","HERIDA DE DEDO(S) DEL PIE CON DAÑO DE LA(S) UÑA(S)"
"S91.3","HERIDA DE OTRAS PARTES DEL PIE"
"S91.7","HERIDAS MÚLTIPLES DEL TOBILLO Y DEL PIE"
"S92","FRACTURA DEL PIE, EXCEPTO DEL TOBILLO"
"S92.0","FRACTURA DEL CALCÁNEO"
"S92.1","FRACTURA DEL ASTRÁGALO"
"S92.2","FRACTURA DE OTRO(S) HUESO(S) DEL TARSO"
"S92.3","FRACTURA DE HUESO DEL METATARSO"
"S92.4","FRACTURA DE LOS HUESOS DEL DEDO GORDO DEL PIE"
"S92.5","FRACTURA DE LOS HUESOS DE OTRO(S) DEDO(S) DEL PIE"
"S92.7","FRACTURAS MÚLTIPLES DEL PIE"
"S92.9","FRACTURA DEL PIE, NO ESPECIFICADA"
"S93","LUXACIÓN, ESGUINCE Y TORCEDURA DE ARTICULACIONES Y LIGAMENTOS DEL TOBILLO Y DEL PIE"
"S93.0","LUXACIÓN DE LA ARTICULACIÓN DEL TOBILLO"
"S93.1","LUXACIÓN DE DEDO(S) DEL PIE"
"S93.2","RUPTURA DE LIGAMENTOS A NIVEL DEL TOBILLO Y DEL PIE"
"S93.3","LUXACIÓN DE OTROS SITIOS Y LOS NO ESPECIFICADOS DEL PIE"
"S93.4","ESGUINCES Y TORCEDURAS DEL TOBILLO"
"S93.5","ESGUINCES Y TORCEDURAS DE DEDO(S) DEL PIE"
"S93.6","ESGUINCES Y TORCEDURAS DE OTROS SITIOS Y DE LOS NO ESPECIFICADOS DEL PIE"
"S94","TRAUMATISMO DE NERVIOS A NIVEL DEL PIE Y DEL TOBILLO"
"S94.0","TRAUMATISMO DEL NERVIO PLANTAR EXTERNO"
"S94.1","TRAUMATISMO DEL NERVIO PLANTAR INTERNO"
"S94.2","TRAUMATISMO DEL NERVIO PERONEAL PROFUNDO A NIVEL DEL PIE Y DEL TOBILLO"
"S94.3","TRAUMATISMO DE NERVIO SENSORIAL CUTÁNEO A NIVEL DEL PIE Y DEL TOBILLO"
"S94.7","TRAUMATISMO DE MÚLTIPLES NERVIOS A NIVEL DEL PIE Y DEL TOBILLO"
"S94.8","TRAUMATISMO DE OTROS NERVIOS A NIVEL DEL PIE Y DEL TOBILLO"
"S94.9","TRAUMATISMO DE NERVIO NO ESPECIFICADO A NIVEL DEL PIE Y DEL TOBILLO"
"S95","TRAUMATISMO DE VASOS SANGUÍNEOS A NIVEL DEL PIE Y DEL TOBILLO"
"S95.0","TRAUMATISMO DE LA ARTERIA DORSAL DEL PIE"
"S95.1","TRAUMATISMO DE LA ARTERIA PLANTAR DEL PIE"
"S95.2","TRAUMATISMO DE LA VENA DORSAL DEL PIE"
"S95.7","TRAUMATISMO DE MÚLTIPLES VASOS SANGUÍNEOS A NIVEL DEL PIE Y DEL TOBILLO"
"S95.8","TRAUMATISMO DE OTROS VASOS SANGUÍNEOS A NIVEL DEL PIE Y DEL TOBILLO"
"S95.9","TRAUMATISMO DE VASO SANGUÍNEO NO ESPECIFICADO A NIVEL DEL PIE Y DEL TOBILLO"
"S96","TRAUMATISMO DE TENDÓN Y MÚSCULO A NIVEL DEL PIE Y DEL TOBILLO"
"S96.0","TRAUMATISMO DEL TENDÓN Y MÚSCULO DEL FLEXOR LARGO DEL DEDO A NIVEL DEL PIE Y DEL TOBILLO"
"S96.1","TRAUMATISMO DEL TENDÓN Y MÚSCULO DEL EXTENSOR LARGO DEL (DE LOS) DEDO(S) A NIVEL DEL PIE Y DEL TOBILLO"
"S96.2","TRAUMATISMO DE TENDONES Y MÚSCULOS INTRÍNSECOS A NIVEL DEL PIE Y DEL TOBILLO"
"S96.7","TRAUMATISMO DE MÚLTIPLES TENDONES Y MÚSCULOS A NIVEL DEL PIE Y DEL TOBILLO"
"S96.8","TRAUMATISMO DE OTROS TENDONES Y MÚSCULOS A NIVEL DEL PIE Y DEL TOBILLO"
"S96.9","TRAUMATISMO DE TENDONES Y MÚSCULOS NO ESPECIFICADOS A NIVEL DEL PIE Y DEL TOBILLO"
"S97","TRAUMATISMO POR APLASTAMIENTO DEL PIE Y DEL TOBILLO"
"S97.0","TRAUMATISMO POR APLASTAMIENTO DEL TOBILLO"
"S97.1","TRAUMATISMO POR APLASTAMIENTO DE DEDO(S) DEL PIE"
"S97.8","TRAUMATISMO POR APLASTAMIENTO DE OTRAS PARTES DEL PIE Y DEL TOBILLO"
"S98","AMPUTACIÓN TRAUMÁTICA DEL PIE Y DEL TOBILLO"
"S98.0","AMPUTACIÓN TRAUMÁTICA DEL PIE A NIVEL DEL TOBILLO"
"S98.1","AMPUTACIÓN TRAUMÁTICA DE UN DEDO DEL PIE"
"S98.2","AMPUTACIÓN TRAUMÁTICA DE DOS O MÁS DEDOS DEL PIE"
"S98.3","AMPUTACIÓN TRAUMÁTICA DE OTRAS PARTES DEL PIE"
"S98.4","AMPUTACIÓN DEL PIE, NIVEL NO ESPECIFICADO"
"S99","OTROS TRAUMATISMOS Y LOS NO ESPECIFICADOS DEL PIE Y DEL TOBILLO"
"S99.7","TRAUMATISMOS MÚLTIPLES DEL PIE Y DEL TOBILLO"
"S99.8","OTROS TRAUMATISMOS DEL PIE Y DEL TOBILLO, ESPECIFICADOS"
"S99.9","TRAUMATISMO DEL PIE Y DEL TOBILLO, NO ESPECIFICADO"
