"cod","descrip"
"T00","TRAUMATISMOS SUPERFICIALES QUE AFECTAN MÚLTIPLES REGIONES DEL CUERPO"
"T00.0","TRAUMATISMOS SUPERFICIALES QUE AFECTAN LA CABEZA CON EL CUELLO"
"T00.1","TRAUMATISMOS SUPERFICIALES QUE AFECTAN EL TÓRAX CON EL ABDOMEN, LA REGIÓN LUMBOSACRA Y LA PELVIS"
"T00.2","TRAUMATISMOS SUPERFICIALES QUE AFECTAN MÚLTIPLES REGIONES DEL(OS) MIEMBRO(S) SUPERIOR(ES)"
"T00.3","TRAUMATISMOS SUPERFICIALES QUE AFECTAN MÚLTIPLES REGIONES DEL (DE LOS) MIEMBRO(S) INFERIOR(ES)"
"T00.6","TRAUMATISMOS SUPERFICIALES QUE AFECTAN MÚLTIPLES REGIONES DEL (DE LOS) MIEMBRO(S) SUPERIOR(ES) CON MIEMBRO(S) INFERIOR(ES)"
"T00.8","TRAUMATISMOS SUPERFICIALES QUE AFECTAN OTRAS COMBINACIONES DE REGIONES DEL CUERPO"
"T00.9","TRAUMATISMOS SUPERFICIALES MÚLTIPLES, NO ESPECIFICADOS"
"T01","HERIDAS QUE AFECTAN MÚLTIPLES REGIONES DEL CUERPO"
"T01.0","HERIDAS QUE AFECTAN LA CABEZA CON EL CUELLO"
"T01.1","HERIDAS QUE AFECTAN EL TÓRAX CON EL ABDOMEN, LA REGIÓN LUMBOSACRA Y LA PELVIS"
"T01.2","HERIDAS QUE AFECTAN MÚLTIPLES REGIONES DEL (DE LOS) MIEMBRO(S) SUPERIOR(ES)"
"T01.3","HERIDAS QUE AFECTAN MÚLTIPLES REGIONES DEL (DE LOS) MIEMBRO(S) INFERIOR(ES)"
"T01.6","HERIDAS QUE AFECTAN MÚLTIPLES REGIONES DEL (DE LOS) MIEMBRO(S) SUPERIOR(ES) CON MIEMBRO(S) INFERIOR(ES)"
"T01.8","HERIDAS QUE AFECTAN OTRAS COMBINACIONES DE LAS REGIONES DEL CUERPO"
"T01.9","HERIDAS MÚLTIPLES, NO ESPECIFICADAS"
"T02","FRACTURAS QUE AFECTAN MÚLTIPLES REGIONES DEL CUERPO"
"T02.0","FRACTURAS QUE AFECTAN LA CABEZA CON EL CUELLO"
"T02.1","FRACTURAS QUE AFECTAN EL TÓRAX CON LA REGIÓN LUMBOSACRA Y LA PELVIS"
"T02.2","FRACTURAS QUE AFECTAN MÚLTIPLES REGIONES DE UN MIEMBRO SUPERIOR"
"T02.3","FRACTURAS QUE AFECTAN MÚLTIPLES REGIONES DE UN MIEMBRO INFERIOR"
"T02.4","FRACTURAS QUE AFECTAN MÚLTIPLES REGIONES DE AMBOS MIEMBROS SUPERIORES"
"T02.5","FRACTURAS QUE AFECTAN MÚLTIPLES REGIONES DE AMBOS MIEMBROS INFERIORES"
"T02.6","FRACTURAS QUE AFECTAN MÚLTIPLES REGIONES DE MIEMBRO(S) SUPERIOR(ES) CON MIEMBRO(S) INFERIOR(ES)"
"T02.7","FRACTURAS QUE AFECTAN EL TÓRAX CON LA REGIÓN LUMBOSACRA Y LA PELVIS CON MIEMBRO(S)"
"T02.8","FRACTURAS QUE AFECTAN OTRAS COMBINACIONES DE LAS REGIONES DEL CUERPO"
"T02.9","FRACTURAS MÚLTIPLES, NO ESPECIFICADAS"
"T03","LUXACIONES, TORCEDURAS Y ESGUINCES QUE AFECTAN MÚLTIPLES REGIONES DEL CUERPO"
"T03.0","LUXACIONES, TORCEDURAS Y ESGUINCES QUE AFECTAN LA CABEZA CON EL CUELLO"
"T03.1","LUXACIONES, TORCEDURAS Y ESGUINCES QUE AFECTAN EL TÓRAX CON LA REGIÓN LUMBOSACRA Y LA PELVIS"
"T03.2","LUXACIONES, TORCEDURAS Y ESGUINCES QUE AFECTAN MÚLTIPLES REGIONES DEL (DE LOS) MIEMBROS(S) SUPERIOR(ES)"
"T03.3","LUXACIONES, TORCEDURAS Y ESGUINCES QUE AFECTAN MÚLTIPLES REGIONES DEL (DE LOS) MIEMBROS(S) INFERIOR(ES)"
"T03.4","LUXACIONES, TORCEDURAS Y ESGUINCES QUE AFECTAN MÚLTIPLES REGIONES DEL (DE LOS) MIEMBRO(S) SUPERIOR(ES) CON MIEMBRO(S) INFERIOR(ES)"
"T03.8","LUXACIONES, TORCEDURAS Y ESGUINCES QUE AFECTAN OTRAS COMBINACIONES DE REGIONES DEL CUERPO"
"T03.9","LUXACIONES, TORCEDURAS Y ESGUINCES MÚLTIPLES, NO ESPECIFICADOS"
"T04","TRAUMATISMOS POR APLASTAMIENTO QUE AFECTAN MÚLTIPLES REGIONES DEL CUERPO"
"T04.0","TRAUMATISMOS POR APLASTAMIENTO QUE AFECTAN LA CABEZA CON EL CUELLO"
"T04.1","TRAUMATISMOS POR APLASTAMIENTO QUE AFECTAN EL TÓRAX CON EL ABDOMEN, LA REGIÓN LUMBOSACRA Y LA PELVIS"
"T04.2","TRAUMATISMOS POR APLASTAMIENTO QUE AFECTAN MÚLTIPLES REGIONES DEL (DE LOS) MIEMBRO(S) SUPERIOR(ES)"
"T04.3","TRAUMATISMOS POR APLASTAMIENTO QUE AFECTAN MÚLTIPLES REGIONES DEL (DE LOS) MIEMBRO(S) INFERIOR(ES)"
"T04.4","TRAUMATISMOS POR APLASTAMIENTO QUE AFECTAN MÚLTIPLES REGIONES DEL (DE LOS) MIEMBRO(S) SUPERIOR(ES) CON MIEMBROS INFERIOR(ES)"
"T04.7","TRAUMATISMOS POR APLASTAMIENTO DEL TÓRAX, DEL ABDOMEN, DE LA REGIÓN LUMBOSACRA Y DE LA PELVIS CON MIEMBRO(S)"
"T04.8","TRAUMATISMOS POR APLASTAMIENTO QUE AFECTAN OTRAS COMBINACIONES DE REGIONES DEL CUERPO"
"T04.9","TRAUMATISMOS POR APLASTAMIENTO MÚLTIPLE, NO ESPECIFICADOS"
"T05","AMPUTACIONES TRAUMÁTICAS QUE AFECTAN MÚLTIPLES REGIONES DEL CUERPO"
"T05.0","AMPUTACIÓN TRAUMÁTICA DE AMBAS MANOS"
"T05.1","AMPUTACIÓN TRAUMÁTICA DE UNA MANO Y EL OTRO BRAZO [CUALQUIER NIVEL, EXCEPTO MANO]"
"T05.2","AMPUTACIÓN TRAUMÁTICA DE AMBOS BRAZOS [CUALQUIER NIVEL]"
"T05.3","AMPUTACIÓN TRAUMÁTICA DE AMBOS PIES"
"T05.4","AMPUTACIÓN TRAUMÁTICA DE UN PIE Y LA OTRA PIERNA [CUALQUIER NIVEL, EXCEPTO PIE]"
"T05.5","AMPUTACIÓN TRAUMÁTICA DE AMBAS PIERNAS [CUALQUIER NIVEL]"
"T05.6","AMPUTACIÓN TRAUMÁTICA DE MIEMBROS SUPERIOR(ES) E INFERIOR(ES), CUALQUIER COMBINACIÓN [CUALQUIER NIVEL]"
"T05.8","AMPUTACIÓN TRAUMÁTICA QUE AFECTA OTRAS COMBINACIONES DE REGIONES DEL CUERPO"
"T05.9","AMPUTACIONES TRAUMÁTICAS MÚLTIPLES, NO ESPECIFICADAS"
"T06","OTROS TRAUMATISMOS QUE AFECTAN MÚLTIPLES REGIONES DEL CUERPO, NO CLASIFICADOS EN OTRA PARTE"
"T06.0","TRAUMATISMOS DEL ENCÉFALO Y DE NERVIOS CRANEALES CON TRAUMATISMO DE NERVIOS Y MÉDULA ESPINAL A NIVEL DEL CUELLO"
"T06.1","TRAUMATISMOS DE NERVIOS Y MÉDULA ESPINAL QUE AFECTAN OTRAS MÚLTIPLES REGIONES DEL CUERPO"
"T06.2","TRAUMATISMOS DE NERVIOS QUE AFECTAN MÚLTIPLES REGIONES DEL CUERPO"
"T06.3","TRAUMATISMOS DE VASOS SANGUÍNEOS QUE AFECTAN MÚLTIPLES REGIONES DEL CUERPO"
"T06.4","TRAUMATISMOS DE TENDONES Y MÚSCULOS QUE AFECTAN MÚLTIPLES REGIONES DEL CUERPO"
"T06.5","TRAUMATISMOS DE ÓRGANOS INTRATORÁCICOS CON ÓRGANOS INTRAABDOMINALES Y PÉLVICOS"
"T06.8","OTROS TRAUMATISMOS ESPECIFICADOS QUE AFECTAN MÚLTIPLES REGIONES DEL CUERPO"
"T07","TRAUMATISMOS MÚLTIPLES, NO ESPECIFICADOS"
"T08","FRACTURA DE LA COLUMNA VERTEBRAL, NIVEL NO ESPECIFICADO"
"T09","OTROS TRAUMATISMOS DE LA COLUMNA VERTEBRAL Y DEL TRONCO, NIVEL NO ESPECIFICADO"
"T09.0","TRAUMATISMO SUPERFICIAL DEL TRONCO, NIVEL NO ESPECIFICADO"
"T09.1","HERIDA DEL TRONCO, NIVEL NO ESPECIFICADO"
"T09.2","LUXACIÓN, ESGUINCE O TORCEDURA DE ARTICULACIÓN Y LIGAMENTOS DEL TRONCO, NO ESPECIFICADO"
"T09.3","TRAUMATISMO DE LA MÉDULA ESPINAL, NIVEL NO ESPECIFICADO"
"T09.4","TRAUMATISMO DE NERVIOS, RAÍZ DE NERVIO ESPINAL Y PLEXOS DEL TRONCO NO ESPECIFICADOS"
"T09.5","TRAUMATISMO DE TENDONES Y MÚSCULOS DEL TRONCO NO ESPECIFICADOS"
"T09.6","AMPUTACIÓN TRAUMÁTICA DEL TRONCO, NIVEL NO ESPECIFICADO"
"T09.8","OTROS TRAUMATISMOS ESPECIFICADOS DEL TRONCO, NIVEL NO ESPECIFICADO"
"T09.9","TRAUMATISMO NO ESPECIFICADO DEL TRONCO, NIVEL NO ESPECIFICADO"
"T10","FRACTURA DE MIEMBRO SUPERIOR, NIVEL NO ESPECIFICADO"
"T11","OTROS TRAUMATISMOS DE MIEMBRO SUPERIOR, NIVEL NO ESPECIFICADO"
"T11.0","TRAUMATISMO SUPERFICIAL DE MIEMBRO SUPERIOR, NIVEL NO ESPECIFICADO"
"T11.1","HERIDA DE MIEMBRO SUPERIOR, NIVEL NO ESPECIFICADO"
"T11.2","LUXACIÓN, ESGUINCE O TORCEDURA DE ARTICULACIÓN O LIGAMENTO NO ESPECIFICADO DE MIEMBRO SUPERIOR, NIVEL NO ESPECIFICADO"
"T11.3","TRAUMATISMO DE NERVIO NO ESPECIFICADO DE MIEMBRO SUPERIOR, NIVEL NO ESPECIFICADO"
"T11.4","TRAUMATISMO DE VASOS SANGUÍNEOS NO ESPECIFICADOS DE MIEMBRO SUPERIOR, NIVEL NO ESPECIFICADO"
"T11.5","TRAUMATISMO DE TENDÓN Y MÚSCULO NO ESPECIFICADOS DE MIEMBRO SUPERIOR, NIVEL NO ESPECIFICADO"
"T11.6","AMPUTACIÓN TRAUMÁTICA DE MIEMBRO SUPERIOR, NIVEL NO ESPECIFICADO"
"T11.8","OTROS TRAUMATISMOS ESPECIFICADOS DE MIEMBRO SUPERIOR, NIVEL NO ESPECIFICADO"
"T11.9","TRAUMATISMO NO ESPECIFICADO DE MIEMBRO SUPERIOR, NIVEL NO ESPECIFICADO"
"T12","FRACTURA DE MIEMBRO INFERIOR, NIVEL NO ESPECIFICADO"
"T13","OTROS TRAUMATISMOS DE MIEMBRO INFERIOR, NIVEL NO ESPECIFICADO"
"T13.0","TRAUMATISMO SUPERFICIAL DE MIEMBRO INFERIOR, NIVEL NO ESPECIFICADO"
"T13.1","HERIDA DE MIEMBRO INFERIOR, NIVEL NO ESPECIFICADO"
"T13.2","LUXACIÓN, ESGUINCE O TORCEDURA DE ARTICULACIÓN Y LIGAMENTOS NO ESPECIFICADOS DE MIEMBRO INFERIOR, NIVEL NO ESPECIFICADO"
"T13.3","TRAUMATISMO DE NERVIOS NO ESPECIFICADOS DE MIEMBRO INFERIOR, NIVEL NO ESPECIFICADO"
"T13.4","TRAUMATISMO DE VASOS SANGUÍNEOS NO ESPECIFICADOS DE MIEMBRO INFERIOR, NIVEL NO ESPECIFICADO"
"T13.5","TRAUMATISMO DE TENDONES Y MÚSCULOS NO ESPECIFICADOS DE MIEMBRO INFERIOR, NIVEL NO ESPECIFICADO"
"T13.6","AMPUTACIÓN TRAUMÁTICA DE MIEMBRO INFERIOR, NIVEL NO ESPECIFICADO"
"T13.8","OTROS TRAUMATISMOS ESPECIFICADOS DE MIEMBRO INFERIOR, NIVEL NO ESPECIFICADO"
"T13.9","TRAUMATISMO NO ESPECIFICADO DE MIEMBRO INFERIOR, NIVEL NO ESPECIFICADO"
"T14","TRAUMATISMO DE REGIONES NO ESPECIFICADAS DEL CUERPO"
"T14.0","TRAUMATISMO SUPERFICIAL DE REGIÓN NO ESPECIFICADA DEL CUERPO"
"T14.1","HERIDA DE REGIÓN NO ESPECIFICADA DEL CUERPO"
"T14.2","FRACTURA DE REGIÓN NO ESPECIFICADA DEL CUERPO"
"T14.3","LUXACIÓN, ESGUINCE Y TORCEDURA DE REGIÓN NO ESPECIFICADA DEL CUERPO"
"T14.4","TRAUMATISMO DE NERVIO(S) DE REGIÓN NO ESPECIFICADA DEL CUERPO"
"T14.5","TRAUMATISMO DE VASO(S) SANGUÍNEO(S) DE REGIÓN NO ESPECIFICADA DEL CUERPO"
"T14.6","TRAUMATISMO DE TENDONES Y MÚSCULOS DE REGIÓN NO ESPECIFICADA DEL CUERPO"
"T14.7","TRAUMATISMO POR APLASTAMIENTO Y AMPUTACIÓN TRAUMÁTICA DE REGIONES NO ESPECIFICADAS DEL CUERPO"
"T14.8","OTROS TRAUMATISMOS DE REGIÓN NO ESPECIFICADA DEL CUERPO"
"T14.9","TRAUMATISMO, NO ESPECIFICADO"
"T15","CUERPO EXTRAÑO EN PARTE EXTERNA DEL OJO"
"T15.0","CUERPO EXTRAÑO EN LA CÓRNEA"
"T15.1","CUERPO EXTRAÑO EN EL SACO CONJUNTIVAL"
"T15.8","CUERPO EXTRAÑO EN OTRAS Y EN MÚLTIPLES PARTES DE LA PARTE EXTERNA DEL OJO"
"T15.9","CUERPO EXTRAÑO EN PARTE EXTERNA DEL OJO, SITIO NO ESPECIFICADO"
"T16","CUERPO EXTRAÑO EN EL OÍDO"
"T17","CUERPO EXTRAÑO EN LAS VÍAS RESPIRATORIAS"
"T17.0","CUERPO EXTRAÑO EN SENO PARANASAL"
"T17.1","CUERPO EXTRAÑO EN EL ORIFICIO NASAL"
"T17.2","CUERPO EXTRAÑO EN LA FARINGE"
"T17.3","CUERPO EXTRAÑO EN LA LARINGE"
"T17.4","CUERPO EXTRAÑO EN LA TRÁQUEA"
"T17.5","CUERPO EXTRAÑO EN BRONQUIOS"
"T17.8","CUERPO EXTRAÑO EN OTRAS Y EN MÚLTIPLES PARTES DE LAS VÍAS RESPIRATORIAS"
"T17.9","CUERPO EXTRAÑO EN LAS VÍAS RESPIRATORIAS, PARTE NO ESPECIFICADA"
"T18","CUERPO EXTRAÑO EN EL TUBO DIGESTIVO"
"T18.0","CUERPO EXTRAÑO EN LA BOCA"
"T18.1","CUERPO EXTRAÑO EN EL ESÓFAGO"
"T18.2","CUERPO EXTRAÑO EN EL ESTÓMAGO"
"T18.3","CUERPO EXTRAÑO EN EL INTESTINO DELGADO"
"T18.4","CUERPO EXTRAÑO EN EL COLON"
"T18.5","CUERPO EXTRAÑO EN EL ANO Y EN EL RECTO"
"T18.8","CUERPO EXTRAÑO EN OTRAS Y EN MÚLTIPLES PARTES DEL TUBO DIGESTIVO"
"T18.9","CUERPO EXTRAÑO EN EL TUBO DIGESTIVO, PARTE NO ESPECIFICADA"
"T19","CUERPO EXTRAÑO EN LAS VÍAS GENITOURINARIAS"
"T19.0","CUERPO EXTRAÑO EN LA URETRA"
"T19.1","CUERPO EXTRAÑO EN LA VEJIGA"
"T19.2","CUERPO EXTRAÑO EN LA VULVA Y EN LA VAGINA"
"T19.3","CUERPO EXTRAÑO EN EL ÚTERO [CUALQUIER PARTE]"
"T19.8","CUERPO EXTRAÑO EN OTRAS Y EN MÚLTIPLES PARTES DE LAS VÍAS GENITOURINARIAS"
"T19.9","CUERPO EXTRAÑO EN LAS VÍAS GENITOURINARIAS, PARTE NO ESPECIFICADA"
"T20","QUEMADURA Y CORROSIÓN DE LA CABEZA Y DEL CUELLO"
"T20.0","QUEMADURA DE LA CABEZA Y DEL CUELLO, GRADO NO ESPECIFICADO"
"T20.1","QUEMADURA DE LA CABEZA Y DEL CUELLO, DE PRIMER GRADO"
"T20.2","QUEMADURA DE LA CABEZA Y DEL CUELLO, DE SEGUNDO GRADO"
"T20.3","QUEMADURA DE LA CABEZA Y DEL CUELLO, DE TERCER GRADO"
"T20.4","CORROSIÓN DE LA CABEZA Y DEL CUELLO, GRADO NO ESPECIFICADO"
"T20.5","CORROSIÓN DE LA CABEZA Y DEL CUELLO, DE PRIMER GRADO"
"T20.6","CORROSIÓN DE LA CABEZA Y DEL CUELLO, DE SEGUNDO GRADO"
"T20.7","CORROSIÓN DE LA CABEZA Y DEL CUELLO, DE TERCER GRADO"
"T21","QUEMADURA Y CORROSIÓN DEL TRONCO"
"T21.0","QUEMADURA DEL TRONCO, GRADO NO ESPECIFICADO"
"T21.1","QUEMADURA DEL TRONCO, DE PRIMER GRADO"
"T21.2","QUEMADURA DEL TRONCO, DE SEGUNDO GRADO"
"T21.3","QUEMADURA DEL TRONCO, DE TERCER GRADO"
"T21.4","CORROSIÓN DEL TRONCO, GRADO NO ESPECIFICADO"
"T21.5","CORROSIÓN DEL TRONCO, DE PRIMER GRADO"
"T21.6","CORROSIÓN DEL TRONCO, DE SEGUNDO GRADO"
"T21.7","CORROSIÓN DEL TRONCO, DE TERCER GRADO"
"T22","QUEMADURA Y CORROSIÓN DEL HOMBRO Y MIEMBRO SUPERIOR, EXCEPTO DE LA MUÑECA Y DE LA MANO"
"T22.0","QUEMADURA DEL HOMBRO Y MIEMBRO SUPERIOR, GRADO NO ESPECIFICADO, EXCEPTO DE LA MUÑECA Y DE LA MANO"
"T22.1","QUEMADURA DEL HOMBRO Y MIEMBRO SUPERIOR, DE PRIMER GRADO, EXCEPTO DE LA MUÑECA Y DE LA MANO"
"T22.2","QUEMADURA DEL HOMBRO Y MIEMBRO SUPERIOR, DE SEGUNDO GRADO, EXCEPTO DE LA MUÑECA Y DE LA MANO"
"T22.3","QUEMADURA DEL HOMBRO Y MIEMBRO SUPERIOR, DE TERCER GRADO, EXCEPTO DE LA MUÑECA Y DE LA MANO"
"T22.4","CORROSIÓN DEL HOMBRO Y MIEMBRO SUPERIOR, GRADO NO ESPECIFICADO, EXCEPTO DE LA MUÑECA Y DE LA MANO"
"T22.5","CORROSIÓN DEL HOMBRO Y MIEMBRO SUPERIOR, DE PRIMER GRADO, EXCEPTO DE LA MUÑECA Y DE LA MANO"
"T22.6","CORROSIÓN DEL HOMBRO Y MIEMBRO SUPERIOR, DE SEGUNDO GRADO, EXCEPTO DE LA MUÑECA Y DE LA MANO"
"T22.7","CORROSIÓN DEL HOMBRO Y MIEMBRO SUPERIOR, DE TERCER GRADO, EXCEPTO DE LA MUÑECA Y DE LA MANO"
"T23","QUEMADURA Y CORROSIÓN DE LA MUÑECA Y DE LA MANO"
"T23.0","QUEMADURA DE LA MUÑECA Y DE LA MANO, GRADO NO ESPECIFICADO"
"T23.1","QUEMADURA DE LA MUÑECA Y DE LA MANO, DE PRIMER GRADO"
"T23.2","QUEMADURA DE LA MUÑECA Y DE LA MANO, DE SEGUNDO GRADO"
"T23.3","QUEMADURA DE LA MUÑECA Y DE LA MANO, DE TERCER GRADO"
"T23.4","CORROSIÓN DE LA MUÑECA Y DE LA MANO, GRADO NO ESPECIFICADO"
"T23.5","CORROSIÓN DE LA MUÑECA Y DE LA MANO, DE PRIMER GRADO"
"T23.6","CORROSIÓN DE LA MUÑECA Y DE LA MANO, DE SEGUNDO GRADO"
"T23.7","CORROSIÓN DE LA MUÑECA Y DE LA MANO, DE TERCER GRADO"
"T24","QUEMADURA Y CORROSIÓN DE LA CADERA Y MIEMBRO INFERIOR, EXCEPTO TOBILLO Y PIE"
"T24.0","QUEMADURA DE LA CADERA Y MIEMBRO INFERIOR, GRADO NO ESPECIFICADO, EXCEPTO TOBILLO Y PIE"
"T24.1","QUEMADURA DE LA CADERA Y MIEMBRO INFERIOR, DE PRIMER GRADO, EXCEPTO TOBILLO Y PIE"
"T24.2","QUEMADURA DE LA CADERA Y MIEMBRO INFERIOR, DE SEGUNDO GRADO, EXCEPTO TOBILLO Y PIE"
"T24.3","QUEMADURA DE LA CADERA Y MIEMBRO INFERIOR, DE TERCER GRADO, EXCEPTO TOBILLO Y PIE"
"T24.4","CORROSIÓN DE LA CADERA Y MIEMBRO INFERIOR, GRADO NO ESPECIFICADO, EXCEPTO TOBILLO Y PIE"
"T24.5","CORROSIÓN DE LA CADERA Y MIEMBRO INFERIOR, DE PRIMER GRADO, EXCEPTO TOBILLO Y PIE"
"T24.6","CORROSIÓN DE LA CADERA Y MIEMBRO INFERIOR, DE SEGUNDO GRADO, EXCEPTO TOBILLO Y PIE"
"T24.7","CORROSIÓN DE LA CADERA Y MIEMBRO INFERIOR, DE TERCER GRADO, EXCEPTO TOBILLO Y PIE"
"T25","QUEMADURA Y CORROSIÓN DEL TOBILLO Y DEL PIE"
"T25.0","QUEMADURA DEL TOBILLO Y DEL PIE, GRADO NO ESPECIFICADO"
"T25.1","QUEMADURA DEL TOBILLO Y DEL PIE, DE PRIMER GRADO"
"T25.2","QUEMADURA DEL TOBILLO Y DEL PIE, DE SEGUNDO GRADO"
"T25.3","QUEMADURA DEL TOBILLO Y DEL PIE, DE TERCER GRADO"
"T25.4","CORROSIÓN DEL TOBILLO Y DEL PIE, GRADO NO ESPECIFICADO"
"T25.5","CORROSIÓN DEL TOBILLO Y DEL PIE, DE PRIMER GRADO"
"T25.6","CORROSIÓN DEL TOBILLO Y DEL PIE, DE SEGUNDO GRADO"
"T25.7","CORROSIÓN DEL TOBILLO Y DEL PIE, DE TERCER GRADO"
"T26","QUEMADURA Y CORROSIÓN LIMITADA AL OJO Y SUS ANEXOS"
"T26.0","QUEMADURA DEL PÁRPADO Y ÁREA PERIOCULAR"
"T26.1","QUEMADURA DE LA CÓRNEA Y SACO CONJUNTIVAL"
"T26.2","QUEMADURA CON RUPTURA Y DESTRUCCIÓN RESULTANTES DEL GLOBO OCULAR"
"T26.3","QUEMADURA DE OTRAS PARTES DEL OJO Y SUS ANEXOS"
"T26.4","QUEMADURA DEL OJO Y ANEXOS, PARTE NO ESPECIFICADA"
"T26.5","CORROSIÓN DEL PÁRPADO Y ÁREA PERIOCULAR"
"T26.6","CORROSIÓN DE LA CÓRNEA Y SACO CONJUNTIVAL"
"T26.7","CORROSIÓN CON RUPTURA Y DESTRUCCIÓN RESULTANTES DEL GLOBO OCULAR"
"T26.8","CORROSIÓN DE OTRAS PARTES DEL OJO Y SUS ANEXOS"
"T26.9","CORROSIÓN DEL OJO Y SUS ANEXOS, PARTE NO ESPECIFICADA"
"T27","QUEMADURA Y CORROSIÓN DE LAS VÍAS RESPIRATORIAS"
"T27.0","QUEMADURA DE LA LARINGE Y DE LA TRÁQUEA"
"T27.1","QUEMADURA QUE AFECTA LA LARINGE Y LA TRÁQUEA CON EL PULMÓN"
"T27.2","QUEMADURA DE OTRAS PARTES DE LAS VÍAS RESPIRATORIAS"
"T27.3","QUEMADURA DE LAS VÍAS RESPIRATORIAS, PARTE NO ESPECIFICADA"
"T27.4","CORROSIÓN DE LA LARINGE Y DE LA TRÁQUEA"
"T27.5","CORROSIÓN QUE AFECTA LA LARINGE Y LA TRÁQUEA CON EL PULMÓN"
"T27.6","CORROSIÓN DE OTRAS PARTES DE LAS VÍAS RESPIRATORIAS"
"T27.7","CORROSIÓN DE LAS VÍAS RESPIRATORIAS, PARTE NO ESPECIFICADA"
"T28","QUEMADURA Y CORROSIÓN DE OTROS ÓRGANOS INTERNOS"
"T28.0","QUEMADURA DE LA BOCA Y DE LA FARINGE"
"T28.1","QUEMADURA DEL ESÓFAGO"
"T28.2","QUEMADURA DE OTRAS PARTES DEL TUBO DIGESTIVO"
"T28.3","QUEMADURA DE ÓRGANOS GENITOURINARIOS INTERNOS"
"T28.4","QUEMADURA DE OTROS ÓRGANOS INTERNOS Y DE LOS NO ESPECIFICADOS"
"T28.5","CORROSIÓN DE LA BOCA Y DE LA FARINGE"
"T28.6","CORROSIÓN DEL ESÓFAGO"
"T28.7","CORROSIÓN DE OTRAS PARTES DEL TUBO DIGESTIVO"
"T28.8","CORROSIÓN DE ÓRGANOS GENITOURINARIOS INTERNOS"
"T28.9","CORROSIÓN DE OTROS ÓRGANOS INTERNOS Y DE LOS NO ESPECIFICADOS"
"T29","QUEMADURAS Y CORROSIONES DE MÚLTIPLES REGIONES DEL CUERPO"
"T29.0","QUEMADURAS DE MÚLTIPLES REGIONES, GRADO NO ESPECIFICADO"
"T29.1","QUEMADURAS DE MÚLTIPLES REGIONES, MENCIONADAS COMO DE NO MÁS DE PRIMER GRADO"
"T29.2","QUEMADURAS DE MÚLTIPLES REGIONES, MENCIONADAS COMO DE NO MÁS DE SEGUNDO GRADO"
"T29.3","QUEMADURAS MÚLTIPLES, CON MENCIÓN AL MENOS DE UNA QUEMADURA DE TERCER GRADO"
"T29.4","CORROSIONES DE MÚLTIPLES REGIONES, GRADO NO ESPECIFICADO"
"T29.5","CORROSIONES MÚLTIPLES, MENCIONADAS COMO DE NO MÁS DE PRIMER GRADO"
"T29.6","CORROSIONES MÚLTIPLES, MENCIONADAS COMO DE NO MÁS DE SEGUNDO GRADO"
"T29.7","CORROSIONES MÚLTIPLES, CON MENCIÓN AL MENOS DE UNA CORROSIÓN DE TERCER GRADO"
"T30","QUEMADURA Y CORROSIÓN, REGIÓN DEL CUERPO NO ESPECIFICADA"
"T30.0","QUEMADURA DE REGIÓN DEL CUERPO Y GRADO NO ESPECIFICADOS"
"T30.1","QUEMADURA DE PRIMER GRADO, REGIÓN DEL CUERPO NO ESPECIFICADA"
"T30.2","QUEMADURA DE SEGUNDO GRADO, REGIÓN DEL CUERPO NO ESPECIFICADA"
"T30.3","QUEMADURA DE TERCER GRADO, REGIÓN DEL CUERPO NO ESPECIFICADA"
"T30.4","CORROSIÓN DE REGIÓN DEL CUERPO Y GRADO NO ESPECIFICADOS"
"T30.5","CORROSIÓN DE PRIMER GRADO, REGIÓN DEL CUERPO NO ESPECIFICADA"
"T30.6","CORROSIÓN DE SEGUNDO GRADO, REGIÓN DEL CUERPO NO ESPECIFICADA"
"T30.7","CORROSIÓN DE TERCER GRADO, REGIÓN DEL CUERPO NO ESPECIFICADA"
"T31","QUEMADURAS CLASIFICADAS SEGÚN LA EXTENSIÓN DE LA SUPERFICIE DEL CUERPO AFECTADA T31.0QUEMADURAS QUE AFECTAN MENOS DEL 10% DE LA SUPERFICIE DEL CUERPO"
"T31.0","QUEMADURAS QUE AFECTAN MENOS DEL 10% DE LA SUPERFICIE DEL CUERPO"
"T31.1","QUEMADURAS QUE AFECTAN DEL 10 AL 19% DE LA SUPERFICIE DEL CUERPO"
"T31.2","QUEMADURAS QUE AFECTAN DEL 20 AL 29% DE LA SUPERFICIE DEL CUERPO"
"T31.3","QUEMADURAS QUE AFECTAN DEL 30 AL 39% DE LA SUPERFICIE DEL CUERPO"
"T31.4","QUEMADURAS QUE AFECTAN DEL 40 AL 49% DE LA SUPERFICIE DEL CUERPO"
"T31.5","QUEMADURAS QUE AFECTAN DEL 50 AL 59% DE LA SUPERFICIE DEL CUERPO"
"T31.6","QUEMADURAS QUE AFECTAN DEL 60 AL 69% DE LA SUPERFICIE DEL CUERPO"
"T31.7","QUEMADURAS QUE AFECTAN DEL 70 AL 79% DE LA SUPERFICIE DEL CUERPO"
"T31.8","QUEMADURAS QUE AFECTAN DEL 80 AL 89% DE LA SUPERFICIE DEL CUERPO"
"T31.9","QUEMADURAS QUE AFECTAN EL 90% O MÁS DE LA SUPERFICIE DEL CUERPO"
"T32","CORROSIONES CLASIFICADAS SEGÚN LA EXTENSIÓN DE LA SUPERFICIE DEL CUERPO AFECTADA"
"T32.0","CORROSIONES QUE AFECTAN MENOS DEL 10% DE LA SUPERFICIE DEL CUERPO"
"T32.1","CORROSIONES QUE AFECTAN DEL 10 AL 19% DE LA SUPERFICIE DEL CUERPO"
"T32.2","CORROSIONES QUE AFECTAN DEL 20 AL 29% DE LA SUPERFICIE DEL CUERPO"
"T32.3","CORROSIONES QUE AFECTAN DEL 30 AL 39% DE LA SUPERFICIE DEL CUERPO"
"T32.4","CORROSIONES QUE AFECTAN DEL 40 AL 49% DE LA SUPERFICIE DEL CUERPO"
"T32.5","CORROSIONES QUE AFECTAN DEL 50 AL 59% DE LA SUPERFICIE DEL CUERPO"
"T32.6","CORROSIONES QUE AFECTAN DEL 60 AL 69% DE LA SUPERFICIE DEL CUERPO"
"T32.7","CORROSIONES QUE AFECTAN DEL 70 AL 79% DE LA SUPERFICIE DEL CUERPO"
"T32.8","CORROSIONES QUE AFECTAN DEL 80 AL 89% DE LA SUPERFICIE DEL CUERPO"
"T32.9","CORROSIONES QUE AFECTAN EL 90% O MÁS DE LA SUPERFICIE DEL CUERPO"
"T33","CONGELAMIENTO SUPERFICIAL"
"T33.0","CONGELAMIENTO SUPERFICIAL DE LA CABEZA"
"T33.1","CONGELAMIENTO SUPERFICIAL DEL CUELLO"
"T33.2","CONGELAMIENTO SUPERFICIAL DEL TÓRAX"
"T33.3","CONGELAMIENTO SUPERFICIAL DE LA PARED ABDOMINAL, REGIÓN LUMBOSACRA Y PELVIS"
"T33.4","CONGELAMIENTO SUPERFICIAL DEL BRAZO"
"T33.5","CONGELAMIENTO SUPERFICIAL DE LA MUÑECA Y DE LA MANO"
"T33.6","CONGELAMIENTO SUPERFICIAL DE LA CADERA Y DEL MUSLO"
"T33.7","CONGELAMIENTO SUPERFICIAL DE LA RODILLA Y DE LA PIERNA"
"T33.8","CONGELAMIENTO SUPERFICIAL DEL TOBILLO Y DEL PIE"
"T33.9","CONGELAMIENTO SUPERFICIAL DE OTROS SITIOS Y DE LOS NO ESPECIFICADOS"
"T34","CONGELAMIENTO CON NECROSIS TISULAR"
"T34.0","CONGELAMIENTO CON NECROSIS TISULAR DE LA CABEZA"
"T34.1","CONGELAMIENTO CON NECROSIS TISULAR DEL CUELLO"
"T34.2","CONGELAMIENTO CON NECROSIS TISULAR DEL TÓRAX"
"T34.3","CONGELAMIENTO CON NECROSIS TISULAR DE LA PARED ABDOMINAL, REGIÓN LUMBOSACRA Y PELVIS"
"T34.4","CONGELAMIENTO CON NECROSIS TISULAR DEL BRAZO"
"T34.5","CONGELAMIENTO CON NECROSIS TISULAR DE LA MUÑECA Y DE LA MANO"
"T34.6","CONGELAMIENTO CON NECROSIS TISULAR DE LA CADERA Y DEL MUSLO"
"T34.7","CONGELAMIENTO CON NECROSIS TISULAR DE LA RODILLA Y DE LA PIERNA"
"T34.8","CONGELAMIENTO CON NECROSIS TISULAR DEL TOBILLO Y DEL PIE"
"T34.9","CONGELAMIENTO CON NECROSIS TISULAR DE OTROS SITIOS Y DE LOS NO ESPECIFICADOS"
"T35","CONGELAMIENTO QUE AFECTA MÚLTIPLES REGIONES DEL CUERPO Y CONGELAMIENTO NO ESPECIFICADO"
"T35.0","CONGELAMIENTO SUPERFICIAL QUE AFECTA MÚLTIPLES REGIONES DEL CUERPO"
"T35.1","CONGELAMIENTO CON NECROSIS TISULAR QUE AFECTA MÚLTIPLES REGIONES DEL CUERPO"
"T35.2","CONGELAMIENTO NO ESPECIFICADO DE LA CABEZA Y DEL CUELLO"
"T35.3","CONGELAMIENTO NO ESPECIFICADO DEL TÓRAX, DEL ABDOMEN, DE LA REGIÓN LUMBOSACRA Y DE LA PELVIS"
"T35.4","CONGELAMIENTO NO ESPECIFICADO DEL MIEMBRO SUPERIOR"
"T35.5","CONGELAMIENTO NO ESPECIFICADO DEL MIEMBRO INFERIOR"
"T35.6","CONGELAMIENTO NO ESPECIFICADO QUE AFECTA MÚLTIPLES REGIONES DEL CUERPO"
"T35.7","CONGELAMIENTO NO ESPECIFICADO, DE SITIO NO ESPECIFICADO"
"T36","ENVENENAMIENTO POR ANTIBIÓTICOS SISTÉMICOS"
"T36.0","ENVENENAMIENTO POR PENICILINAS"
"T36.1","ENVENENAMIENTO POR CEFALOSPORINAS Y OTROS ANTIBIÓTICOS BETA-LACTÁMICOS"
"T36.2","ENVENENAMIENTO POR GRUPO DEL CLORAMFENICOL"
"T36.3","ENVENENAMIENTO POR MACRÓLIDOS"
"T36.4","ENVENENAMIENTO POR TETRACICLINAS"
"T36.5","ENVENENAMIENTO POR AMINOGLUCÓSIDOS"
"T36.6","ENVENENAMIENTO POR RIFAMICINAS"
"T36.7","ENVENENAMIENTO POR ANTIBIÓTICOS ANTIMICÓTICOS USADOS SISTÉMICAMENTE"
"T36.8","ENVENENAMIENTO POR OTROS ANTIBIÓTICOS SISTÉMICOS"
"T36.9","ENVENENAMIENTO POR ANTIBIÓTICOS SISTÉMICOS, NO ESPECIFICADOS"
"T37","ENVENENAMIENTO POR OTROS ANTIINFECCIOSOS Y ANTIPARASITARIOS SISTÉMICOS"
"T37.0","ENVENENAMIENTO POR SULFONAMIDAS"
"T37.1","ENVENENAMIENTO POR DROGAS ANTIMICOBACTERIANAS"
"T37.2","ENVENENAMIENTO POR ANTIPALÚDICOS Y DROGAS DE ACCIÓN CONTRA OTROS PROTOZOARIOS SANGUÍNEOS"
"T37.3","ENVENENAMIENTO POR OTRAS DROGAS ANTIPROTOZOARIAS"
"T37.4","ENVENENAMIENTO POR ANTIHELMÍNTICOS"
"T37.5","ENVENENAMIENTO POR DROGAS ANTIVIRALES"
"T37.8","ENVENENAMIENTO POR OTROS ANTIINFECCIOSOS Y ANTIPARASITARIOS SISTÉMICOS ESPECIFICADOS"
"T37.9","ENVENENAMIENTO POR ANTIINFECCIOSOS Y ANTIPARASITARIOS SISTÉMICOS, NO ESPECIFICADOS"
"T38","ENVENENAMIENTO POR HORMONAS Y SUS SUSTITUTOS Y ANTAGONISTAS SINTÉTICOS, NO CLASIFICADOS EN OTRA PARTE"
"T38.0","ENVENENAMIENTO POR GLUCOCORTICOIDES Y ANÁLOGOS SINTÉTICOS"
"T38.1","ENVENENAMIENTO POR HORMONAS TIROIDEAS Y SUSTITUTOS"
"T38.2","ENVENENAMIENTO POR DROGAS ANTITIROIDEAS"
"T38.3","ENVENENAMIENTO POR INSULINA Y DROGAS HIPOGLUCEMIANTES ORALES [ANTIDIABÉTICAS]"
"T38.4","ENVENENAMIENTO POR ANTICONCEPTIVOS ORALES"
"T38.5","ENVENENAMIENTO POR OTROS ESTRÓGENOS Y PROGESTÓGENOS"
"T38.6","ENVENENAMIENTO POR ANTIGONADOTROFINAS, ANTIESTRÓGENOS Y ANTIANDRÓGENOS, NO CLASIFICADOS EN OTRA PARTE"
"T38.7","ENVENENAMIENTO POR ANDRÓGENOS Y SUS CONGÉNERES ANABÓLICOS"
"T38.8","ENVENENAMIENTO POR OTRAS HORMONAS Y SUSTITUTOS SINTÉTICOS Y LOS NO ESPECIFICADOS"
"T38.9","ENVENENAMIENTO POR OTROS ANTAGONISTAS DE LAS HORMONAS Y LOS NO ESPECIFICADOS"
"T39","ENVENENAMIENTO POR ANALGÉSICOS NO NARCÓTICOS, ANTIPIRÉTICOS Y ANTIRREUMÁTICOS"
"T39.0","ENVENENAMIENTO POR SALICILATOS"
"T39.1","ENVENENAMIENTO POR DERIVADOS DEL PARAAMINOFENOL"
"T39.2","ENVENENAMIENTO POR DERIVADOS DE LA PIRAZOLONA"
"T39.3","ENVENENAMIENTO POR OTRAS DROGAS ANTIINFLAMATORIAS NO ESTEROIDEAS [DAINE]"
"T39.4","ENVENENAMIENTO POR ANTIRREUMÁTICOS, NO CLASIFICADOS EN OTRA PARTE"
"T39.8","ENVENENAMIENTO POR OTROS ANALGÉSICOS NO NARCÓTICOS Y ANTIPIRÉTICOS, NO CLASIFICADOS EN OTRA PARTE"
"T39.9","ENVENENAMIENTO POR ANALGÉSICOS NO NARCÓTICOS, ANTIPIRÉTICOS Y ANTIRREUMÁTICOS, NO ESPECIFICADOS"
"T40","ENVENENAMIENTO POR NARCÓTICOS Y PSICODISLÉPTICOS [ALUCINÓGENOS]"
"T40.0","ENVENENAMIENTO POR OPIO"
"T40.1","ENVENENAMIENTO POR HEROÍNA"
"T40.2","ENVENENAMIENTO POR OTROS OPIÁCEOS"
"T40.3","ENVENENAMIENTO POR METADONA"
"T40.4","ENVENENAMIENTO POR OTROS NARCÓTICOS SINTÉTICOS"
"T40.5","ENVENENAMIENTO POR COCAÍNA"
"T40.6","ENVENENAMIENTO POR OTROS NARCÓTICOS Y LOS NO ESPECIFICADOS"
"T40.7","ENVENENAMIENTO POR CANNABIS (DERIVADOS)"
"T40.8","ENVENENAMIENTO POR ACIDO LISÉRGICO [LSD]"
"T40.9","ENVENENAMIENTO POR OTROS PSICODISLÉPTICOS Y LOS NO ESPECIFICADOS [ALUCINÓGENOS]"
"T41","ENVENENAMIENTO POR ANESTÉSICOS Y GASES TERAPÉUTICOS"
"T41.0","ENVENENAMIENTO POR ANESTÉSICOS POR INHALACIÓN"
"T41.1","ENVENENAMIENTO POR ANESTÉSICOS INTRAVENOSOS"
"T41.2","ENVENENAMIENTO POR OTROS ANESTÉSICOS GENERALES Y LOS NO ESPECIFICADOS"
"T41.3","ENVENENAMIENTO POR ANESTÉSICOS LOCALES"
"T41.4","ENVENENAMIENTO POR ANESTÉSICOS, NO ESPECIFICADOS"
"T41.5","ENVENENAMIENTO POR GASES TERAPÉUTICOS"
"T42","ENVENENAMIENTO POR ANTIEPILÉPTICOS, HIPNÓTICOS-SEDANTES Y DROGAS ANTIPARKINSONIANAS"
"T42.0","ENVENENAMIENTO POR DERIVADOS DE LA HIDANTOÍNA"
"T42.1","ENVENENAMIENTO POR IMINOSTILBENOS"
"T42.2","ENVENENAMIENTO POR SUCCINAMIDAS Y DERIVADOS DE LA OXAZOLIDINA"
"T42.3","ENVENENAMIENTO POR BARBITÚRICOS"
"T42.4","ENVENENAMIENTO POR BENZODIAZEPINAS"
"T42.5","ENVENENAMIENTO POR ANTIEPILÉPTICOS MIXTOS, NO CLASIFICADOS EN OTRA PARTE"
"T42.6","ENVENENAMIENTO POR OTROS ANTIEPILÉPTICOS Y DROGAS HIPNÓTICO-SEDANTES"
"T42.7","ENVENENAMIENTO POR ANTIEPILÉPTICOS Y DROGAS HIPNÓTICO-SEDANTES, NO ESPECIFICADOS"
"T42.8","ENVENENAMIENTO POR DROGAS ANTIPARKINSONIANAS Y OTROS DEPRESORES DEL TONO MUSCULAR CENTRAL"
"T43","ENVENENAMIENTO POR ENVENENAMIENTO POR PSICOTRÓPICOS, NO CLASIFICADOS EN OTRA PARTE"
"T43.0","ENVENENAMIENTO POR ANTIDEPRESIVOS TRICÍCLICOS Y TETRACÍCLICOS"
"T43.1","ENVENENAMIENTO POR ANTIDEPRESIVOS INHIBIDORES DE LA MONOAMINOXIDASA"
"T43.2","ENVENENAMIENTO POR OTROS ANTIDEPRESIVOS Y LOS NO ESPECIFICADOS"
"T43.3","ENVENENAMIENTO POR ANTIPSICÓTICOS Y NEUROLÉPTICOS FENOTIACÍNICOS"
"T43.4","ENVENENAMIENTO POR BUTIROFENONA Y NEUROLÉPTICOS TIOXANTÉNICOS"
"T43.5","ENVENENAMIENTO POR OTROS ANTIPSICÓTICOS Y NEUROLÉPTICOS Y LOS NO ESPECIFICADOS"
"T43.6","ENVENENAMIENTO POR PSICOESTIMULANTES CON ABUSO POTENCIAL"
"T43.8","ENVENENAMIENTO POR OTRAS DROGAS PSICOTRÓPICAS, NO CLASIFICADAS EN OTRA PARTE"
"T43.9","ENVENENAMIENTO POR DROGA PSICOTRÓPICA, NO ESPECIFICADA"
"T44","ENVENENAMIENTO POR DROGAS QUE AFECTAN PRINCIPALMENTE EL SISTEMA NERVIOSO AUTÓNOMO"
"T44.0","ENVENENAMIENTO POR AGENTES ANTICOLINESTERASA"
"T44.1","ENVENENAMIENTO POR OTROS PARASIMPATICOMIMÉTICOS [COLINÉRGICOS]"
"T44.2","ENVENENAMIENTO POR DROGAS BLOQUEADORAS GANGLIONARES, NO CLASIFICADAS EN OTRA PARTE"
"T44.3","ENVENENAMIENTO POR OTROS PARASIMPATICOLÍTICOS [ANTICOLINÉRGICOS Y ANTIMUSCARÍNICOS] Y ESPASMOLÍTICOS, NO CLASIFICADOS EN OTRA PARTE"
"T44.4","ENVENENAMIENTO POR AGONISTAS, PREDOMINANTEMENTE ALFA-ADRENÉRGICOS, NO CLASIFICADOS EN OTRA PARTE"
"T44.5","ENVENENAMIENTO POR AGONISTAS, PREDOMINANTEMENTE BETA-ADRENÉRGICOS, NO CLASIFICADOS EN OTRA PARTE"
"T44.6","ENVENENAMIENTO POR ANTAGONISTAS ALFA-ADRENÉRGICOS, NO CLASIFICADOS EN OTRA PARTE"
"T44.7","ENVENENAMIENTO POR ANTAGONISTAS BETA-ADRENÉRGICOS, NO CLASIFICADOS EN OTRA PARTE"
"T44.8","ENVENENAMIENTO POR AGENTES DE ACCIÓN CENTRAL Y BLOQUEADORES NEURONALES ADRENÉRGICOS, NO CLASIFICADOS EN OTRA PARTE"
"T44.9","ENVENENAMIENTO POR OTRAS DROGAS Y LAS NO ESPECIFICADAS QUE AFECTAN PRINCIPALMENTE EL SISTEMA NERVIOSO AUTÓNOMO"
"T45","ENVENENAMIENTO POR ENVENENAMIENTO POR AGENTES PRINCIPALMENTE SISTÉMICOS Y HEMATOLÓGICOS, NO CLASIFICADOS EN OTRA PARTE"
"T45.0","ENVENENAMIENTO POR DROGAS ANTIALÉRGICAS Y ANTIEMÉTICAS"
"T45.1","ENVENENAMIENTO POR DROGAS ANTINEOPLÁSICAS E INMUNOSUPRESORAS"
"T45.2","ENVENENAMIENTO POR VITAMINAS, NO CLASIFICADAS EN OTRA PARTE"
"T45.3","ENVENENAMIENTO POR ENZIMAS, NO CLASIFICADAS EN OTRA PARTE"
"T45.4","ENVENENAMIENTO POR HIERRO Y SUS COMPUESTOS"
"T45.5","ENVENENAMIENTO POR ANTICOAGULANTES"
"T45.6","ENVENENAMIENTO POR DROGAS QUE AFECTAN LA FIBRINÓLISIS"
"T45.7","ENVENENAMIENTO POR ANTAGONISTAS DE ANTICOAGULANTES, VITAMINA K Y OTROS COAGULANTES"
"T45.8","ENVENENAMIENTO POR OTROS AGENTES PRINCIPALMENTE SISTÉMICOS Y HEMATOLÓGICOS"
"T45.9","ENVENENAMIENTO POR AGENTES PRINCIPALMENTE SISTÉMICOS Y HEMATOLÓGICOS, NO ESPECIFICADOS"
"T46","ENVENENAMIENTO POR AGENTES QUE AFECTAN PRINCIPALMENTE EL SISTEMA CARDIOVASCULAR"
"T46.0","ENVENENAMIENTO POR GLUCÓSIDOS CARDIOTÓNICOS Y MEDICAMENTOS DE ACCIÓN SIMILAR"
"T46.1","ENVENENAMIENTO POR BLOQUEADORES DEL CANAL DEL CALCIO"
"T46.2","ENVENENAMIENTO POR OTRAS DROGAS ANTIARRÍTMICAS, NO CLASIFICADAS EN OTRA PARTE"
"T46.3","ENVENENAMIENTO POR VASODILATADORES CORONARIOS, NO CLASIFICADOS EN OTRA PARTE"
"T46.4","ENVENENAMIENTO POR INHIBIDORES DE LA ENZIMA CONVERTIDORA DE LA ANGIOTENSINA"
"T46.5","ENVENENAMIENTO POR OTRAS DROGAS ANTIHIPERTENSIVAS, NO CLASIFICADAS EN OTRA PARTE"
"T46.6","ENVENENAMIENTO POR DROGAS ANTILIPÉMICAS Y ANTIARTERIOSCLERÓTICAS"
"T46.7","ENVENENAMIENTO POR VASODILATADORES PERIFÉRICOS"
"T46.8","ENVENENAMIENTO POR DROGAS ANTIVARICOSAS, INCLUSIVE AGENTES ESCLEROSANTES"
"T46.9","ENVENENAMIENTO POR OTROS AGENTES Y LOS NO ESPECIFICADOS QUE AFECTAN PRINCIPALMENTE EL SISTEMA CARDIOVASCULAR"
"T47","ENVENENAMIENTO POR AGENTES QUE AFECTAN PRINCIPALMENTE EL SISTEMA GASTROINTESTINAL"
"T47.0","ENVENENAMIENTO POR ANTAGONISTAS DEL RECEPTOR H2 DE HISTAMINA"
"T47.1","ENVENENAMIENTO POR OTRAS DROGAS ANTIÁCIDAS Y QUE INHIBEN LA SECRECIÓN GÁSTRICA"
"T47.2","ENVENENAMIENTO POR LAXANTES ESTIMULANTES"
"T47.3","ENVENENAMIENTO POR LAXANTES SALINOS Y OSMÓTICOS"
"T47.4","ENVENENAMIENTO POR OTROS LAXANTES"
"T47.5","ENVENENAMIENTO POR DIGESTIVOS"
"T47.6","ENVENENAMIENTO POR DROGAS ANTIDIARREICAS"
"T47.7","ENVENENAMIENTO POR EMÉTICOS"
"T47.8","ENVENENAMIENTO POR OTROS AGENTES QUE AFECTAN PRINCIPALMENTE EL SISTEMA GASTROINTESTINAL"
"T47.9","ENVENENAMIENTO POR AGENTES NO ESPECIFICADOS QUE AFECTAN PRINCIPALMENTE EL SISTEMA GASTROINTESTINAL"
"T48","ENVENENAMIENTO POR AGENTES CON ACCIÓN PRINCIPAL SOBRE LOS MÚSCULOS LISOS Y ESQUELÉTICOS Y SOBRE EL SISTEMA RESPIRATORIO"
"T48.0","ENVENENAMIENTO POR DROGAS OXITÓCICAS"
"T48.1","ENVENENAMIENTO POR RELAJANTES MUSCULOESQUELÉTICOS [AGENTES BLOQUEADORES NEUROMUSCULARES]"
"T48.2","ENVENENAMIENTO POR OTROS MEDICAMENTOS Y LOS NO ESPECIFICADOS DE ACCIÓN PRINCIPAL SOBRE LOS MÚSCULOS"
"T48.3","ENVENENAMIENTO POR ANTITUSÍGENOS"
"T48.4","ENVENENAMIENTO POR EXPECTORANTES"
"T48.5","ENVENENAMIENTO POR DROGAS CONTRA EL CATARRO COMÚN"
"T48.6","ENVENENAMIENTO POR ANTIASMÁTICOS, NO CLASIFICADOS EN OTRA PARTE"
"T48.7","ENVENENAMIENTO POR OTROS AGENTES Y LOS NO ESPECIFICADOS DE ACCIÓN PRINCIPAL SOBRE EL SISTEMA RESPIRATORIO"
"T49","ENVENENAMIENTO POR AGENTES TÓPICOS QUE AFECTAN PRINCIPALMENTE LA PIEL Y LAS MEMBRANAS MUCOSAS Y POR DROGAS OFTALMOLÓGICAS, OTORRINOLARINGOLÓGICAS Y DENTALES"
"T49.0","ENVENENAMIENTO POR DROGAS LOCALES ANTIMICÓTICAS, ANTIINFECCIOSAS Y ANTIINFLAMATORIAS, NO CLASIFICADAS EN OTRA PARTE"
"T49.1","ENVENENAMIENTO POR ANTIPRURÍTICOS"
"T49.2","ENVENENAMIENTO POR ASTRINGENTES Y DETERGENTES LOCALES"
"T49.3","ENVENENAMIENTO POR EMOLIENTES, DEMULCENTES Y PROTECTORES"
"T49.4","ENVENENAMIENTO POR QUERATOLÍTICOS, QUERATOPLÁSTICOS, DROGAS Y OTRAS PREPARACIONES PARA EL TRATAMIENTO DEL CABELLO"
"T49.5","ENVENENAMIENTO POR DROGAS Y PREPARACIONES OFTALMOLÓGICAS"
"T49.6","ENVENENAMIENTO POR DROGAS Y PREPARACIONES OTORRINOLARINGOLÓGICAS"
"T49.7","ENVENENAMIENTO POR DROGAS DENTALES, APLICADAS TÓPICAMENTE"
"T49.8","ENVENENAMIENTO POR OTROS AGENTES TÓPICOS"
"T49.9","ENVENENAMIENTO POR AGENTES TÓPICOS, NO ESPECIFICADOS"
"T50","ENVENENAMIENTO POR DIURÉTICOS Y OTRAS DROGAS, MEDICAMENTOS Y SUSTANCIAS BIOLÓGICAS NO ESPECIFICADAS"
"T50.0","ENVENENAMIENTO POR MINERALOCORTICOIDES Y SUS ANTAGONISTAS"
"T50.1","ENVENENAMIENTO POR DIURÉTICOS DEL ASA [DINTEL ALTO]"
"T50.2","ENVENENAMIENTO POR INHIBIDORES DE LA ANHIDRASA DEL ÁCIDO CARBÓNICO, BENZOTIAZIDAS Y OTROS DIURÉTICOS"
"T50.3","ENVENENAMIENTO POR AGENTES DEL EQUILIBRIO HIDROLÍTICO, ELECTROLÍTICO Y CALÓRICO"
"T50.4","ENVENENAMIENTO POR DROGAS QUE AFECTAN EL METABOLISMO DEL ÁCIDO ÚRICO"
"T50.5","ENVENENAMIENTO POR DEPRESORES DEL APETITO"
"T50.6","ENVENENAMIENTO POR ANTÍDOTOS Y AGENTES QUELANTES, NO CLASIFICADOS EN OTRA PARTE"
"T50.7","ENVENENAMIENTO POR ANALÉPTICOS Y ANTAGONISTAS DEL OPIO"
"T50.8","ENVENENAMIENTO POR AGENTES DIAGNÓSTICOS"
"T50.9","ENVENENAMIENTO POR OTRAS DROGAS Y SUSTANCIAS BIOLÓGICAS, Y LAS NO ESPECIFICADAS"
"T51","ENVENENAMIENTO POR EFECTO TÓXICO DEL ALCOHOL"
"T51.0","ENVENENAMIENTO POR ETANOL"
"T51.1","ENVENENAMIENTO POR METANOL"
"T51.2","ENVENENAMIENTO POR PROPANOL-2"
"T51.3","ENVENENAMIENTO POR LICOR DE ALCOHOL INSUFICIENTEMENTE DESTILADO"
"T51.8","ENVENENAMIENTO POR OTROS ALCOHOLES"
"T51.9","ENVENENAMIENTO POR ALCOHOL, NO ESPECIFICADO"
"T52","ENVENENAMIENTO POR EFECTO TÓXICO DE DISOLVENTES ORGÁNICOS"
"T52.0","ENVENENAMIENTO POR PRODUCTOS DEL PETRÓLEO"
"T52.1","ENVENENAMIENTO POR BENCENO"
"T52.2","ENVENENAMIENTO POR HOMÓLOGOS DEL BENCENO"
"T52.3","ENVENENAMIENTO POR GLICOLES"
"T52.4","ENVENENAMIENTO POR CETONAS"
"T52.8","ENVENENAMIENTO POR OTROS DISOLVENTES ORGÁNICOS"
"T52.9","ENVENENAMIENTO POR DISOLVENTES ORGÁNICOS, NO ESPECIFICADOS"
"T53","ENVENENAMIENTO POR EFECTO TÓXICO DE LOS DERIVADOS HALOGENADOS DE LOS HIDROCARBUROS ALIFÁTICOS Y AROMÁTICOS"
"T53.0","ENVENENAMIENTO POR TETRACLORURO DE CARBONO"
"T53.1","ENVENENAMIENTO POR CLOROFORMO"
"T53.2","ENVENENAMIENTO POR TRICLOROETILENO"
"T53.3","ENVENENAMIENTO POR TETRACLOROETILENO"
"T53.4","ENVENENAMIENTO POR DICLOROETANO"
"T53.5","ENVENENAMIENTO POR CLOROFLUOROCARBUROS"
"T53.6","ENVENENAMIENTO POR OTROS DERIVADOS HALOGENADOS DE HIDROCARBUROS ALIFÁTICOS"
"T53.7","ENVENENAMIENTO POR OTROS DERIVADOS HALOGENADOS DE HIDROCARBUROS AROMÁTICOS"
"T53.9","ENVENENAMIENTO POR DERIVADOS HALOGENADOS DE HIDROCARBUROS ALIFÁTICOS Y AROMÁTICOS, NO ESPECIFICADOS"
"T54","ENVENENAMIENTO POR EFECTO TÓXICO DE SUSTANCIAS CORROSIVAS"
"T54.0","ENVENENAMIENTO POR FENOL Y HOMÓLOGOS DEL FENOL"
"T54.1","ENVENENAMIENTO POR OTROS COMPUESTOS ORGÁNICOS CORROSIVOS"
"T54.2","ENVENENAMIENTO POR ACIDOS CORROSIVOS Y SUSTANCIAS ÁCIDAS SIMILARES"
"T54.3","ENVENENAMIENTO POR ALCALIS CÁUSTICOS Y SUSTANCIAS ALCALINAS SIMILARES"
"T54.9","ENVENENAMIENTO POR EFECTO TÓXICO DE SUSTANCIA CORROSIVA, NO ESPECIFICADA"
"T55","ENVENENAMIENTO POR EFECTO TÓXICO DE DETERGENTES Y JABONES"
"T56","ENVENENAMIENTO POR EFECTO TÓXICO DE METALES"
"T56.0","ENVENENAMIENTO POR PLOMO Y SUS COMPUESTOS"
"T56.1","ENVENENAMIENTO POR MERCURIO Y SUS COMPUESTOS"
"T56.2","ENVENENAMIENTO POR CROMO Y SUS COMPUESTOS"
"T56.3","ENVENENAMIENTO POR CADMIO Y SUS COMPUESTOS"
"T56.4","ENVENENAMIENTO POR COBRE Y SUS COMPUESTOS"
"T56.5","ENVENENAMIENTO POR ZINC Y SUS COMPUESTOS"
"T56.6","ENVENENAMIENTO POR ESTAÑO Y SUS COMPUESTOS"
"T56.7","ENVENENAMIENTO POR BERILIO Y SUS COMPUESTOS"
"T56.8","ENVENENAMIENTO POR OTROS METALES"
"T56.9","ENVENENAMIENTO POR METAL, NO ESPECIFICADO"
"T57","ENVENENAMIENTO POR EFECTO TÓXICO DE OTRAS SUSTANCIAS INORGÁNICAS"
"T57.0","ENVENENAMIENTO POR ARSÉNICO Y SUS COMPUESTOS"
"T57.1","ENVENENAMIENTO POR FÓSFORO Y SUS COMPUESTOS"
"T57.2","ENVENENAMIENTO POR MANGANESO Y SUS COMPUESTOS"
"T57.3","ENVENENAMIENTO POR ACIDO CIANHÍDRICO"
"T57.8","ENVENENAMIENTO POR OTRAS SUSTANCIAS INORGÁNICAS, ESPECIFICADAS"
"T57.9","ENVENENAMIENTO POR SUSTANCIA INORGÁNICA, NO ESPECIFICADA"
"T58","ENVENENAMIENTO POR EFECTO TÓXICO DEL MONÓXIDO DE CARBONO"
"T59","ENVENENAMIENTO POR EFECTO TÓXICO DE OTROS GASES, HUMOS Y VAPORES"
"T59.0","ENVENENAMIENTO POR OXIDOS DE NITRÓGENO"
"T59.1","ENVENENAMIENTO POR DIÓXIDO DE SULFURO"
"T59.2","ENVENENAMIENTO POR FORMALDEHÍDO"
"T59.3","ENVENENAMIENTO POR GAS LACRIMÓGENO"
"T59.4","ENVENENAMIENTO POR CLORO GASEOSO"
"T59.5","ENVENENAMIENTO POR GAS DE FLÚOR Y FLUORURO DE HIDRÓGENO"
"T59.6","ENVENENAMIENTO POR SULFURO DE HIDRÓGENO"
"T59.7","ENVENENAMIENTO POR DIÓXIDO DE CARBONO"
"T59.8","ENVENENAMIENTO POR OTROS GASES, HUMOS Y VAPORES ESPECIFICADOS"
"T59.9","ENVENENAMIENTO POR GASES, HUMOS Y VAPORES NO ESPECIFICADOS"
"T60","ENVENENAMIENTO POR EFECTO TÓXICO DE PLAGUICIDAS [PESTICIDAS]"
"T60.0","ENVENENAMIENTO POR INSECTICIDAS ORGANOFOSFORADOS Y CARBAMATOS"
"T60.1","ENVENENAMIENTO POR INSECTICIDAS HALOGENADOS"
"T60.2","ENVENENAMIENTO POR OTROS INSECTICIDAS"
"T60.3","ENVENENAMIENTO POR HERBICIDAS Y FUNGICIDAS"
"T60.4","ENVENENAMIENTO POR RODENTICIDAS"
"T60.8","ENVENENAMIENTO POR OTROS PLAGUICIDAS"
"T60.9","ENVENENAMIENTO POR PLAGUICIDA, NO ESPECIFICADO"
"T61","ENVENENAMIENTO POR EFECTO TÓXICO DE SUSTANCIAS NOCIVAS INGERIDAS COMO ALIMENTOS MARINOS"
"T61.0","ENVENENAMIENTO CIGUATERO POR PESCADO"
"T61.1","ENVENENAMIENTO ESCOMBROIDEO POR PESCADO"
"T61.2","ENVENENAMIENTO POR OTROS ENVENENAMIENTOS POR PESCADOS Y MARISCOS"
"T61.8","ENVENENAMIENTO POR EFECTO TÓXICO DE OTROS ALIMENTOS MARINOS"
"T61.9","ENVENENAMIENTO POR EFECTO TÓXICO DE ALIMENTOS MARINOS NO ESPECIFICADOS"
"T62","ENVENENAMIENTO POR EFECTO TÓXICO DE OTRAS SUSTANCIAS NOCIVAS INGERIDAS COMO ALIMENTO"
"T62.0","ENVENENAMIENTO POR HONGOS INGERIDOS"
"T62.1","ENVENENAMIENTO POR BAYAS INGERIDAS"
"T62.2","ENVENENAMIENTO POR OTRA(S) (PARTES DE) PLANTA(S) INGERIDA(S)"
"T62.8","ENVENENAMIENTO POR OTRAS SUSTANCIAS NOCIVAS ESPECIFICADAS INGERIDAS COMO ALIMENTO"
"T62.9","ENVENENAMIENTO POR SUSTANCIA NOCIVA INGERIDA COMO ALIMENTO, NO ESPECIFICADA"
"T63","ENVENENAMIENTO POR EFECTO TÓXICO DEL CONTACTO CON ANIMALES VENENOSOS"
"T63.0","ENVENENAMIENTO POR VENENO DE SERPIENTE"
"T63.1","ENVENENAMIENTO POR VENENO DE OTROS REPTILES"
"T63.2","ENVENENAMIENTO POR VENENO DE ESCORPIÓN"
"T63.3","ENVENENAMIENTO POR VENENO DE ARAÑAS"
"T63.4","ENVENENAMIENTO POR VENENO DE OTROS ARTRÓPODOS"
"T63.5","ENVENENAMIENTO POR EFECTO TÓXICO DEL CONTACTO CON PECES"
"T63.6","ENVENENAMIENTO POR EFECTO TÓXICO DEL CONTACTO CON OTROS ANIMALES MARINOS"
"T63.8","ENVENENAMIENTO POR EFECTOS TÓXICOS DEL CONTACTO CON OTROS ANIMALES VENENOSOS"
"T63.9","ENVENENAMIENTO POR EFECTO TÓXICO DEL CONTACTO CON ANIMAL VENENOSO NO ESPECIFICADO"
"T64","ENVENENAMIENTO POR EFECTO TÓXICO DE AFLATOXINA Y OTRAS MICOTOXINAS CONTAMINANTES DE ALIMENTOS"
"T65","ENVENENAMIENTO POR EFECTO TÓXICO DE OTRAS SUSTANCIAS Y LAS NO ESPECIFICADAS"
"T65.0","ENVENENAMIENTO POR CIANURO"
"T65.1","ENVENENAMIENTO POR ESTRICNINA Y SUS SALES"
"T65.2","ENVENENAMIENTO POR TABACO Y NICOTINA"
"T65.3","ENVENENAMIENTO POR NITRODERIVADOS Y AMINODERIVADOS DEL BENCENO Y SUS HOMÓLOGOS"
"T65.4","ENVENENAMIENTO POR BISULFURO DE CARBONO"
"T65.5","ENVENENAMIENTO POR NITROGLICERINA Y OTROS ÁCIDOS Y ÉSTERES NÍTRICOS"
"T65.6","ENVENENAMIENTO POR PINTURAS Y COLORANTES, NO CLASIFICADOS EN OTRA PARTE"
"T65.8","ENVENENAMIENTO POR EFECTOS TÓXICOS DE OTRAS SUSTANCIAS ESPECIFICADAS"
"T65.9","ENVENENAMIENTO POR EFECTO TÓXICO DE SUSTANCIA NO ESPECIFICADA"
"T66","EFECTOS NO ESPECIFICADOS DE LA RADIACIÓN"
"T67","EFECTOS DEL CALOR Y DE LA LUZ"
"T67.0","GOLPE DE CALOR E INSOLACIÓN"
"T67.1","SÍNCOPE POR CALOR"
"T67.2","CALAMBRE POR CALOR"
"T67.3","AGOTAMIENTO POR CALOR, ANHIDRÓTICO"
"T67.4","AGOTAMIENTO POR CALOR DEBIDO A DEPLECIÓN DE SAL"
"T67.5","AGOTAMIENTO POR CALOR, NO ESPECIFICADO"
"T67.6","FATIGA POR CALOR, TRANSITORIA"
"T67.7","EDEMA POR CALOR"
"T67.8","OTROS EFECTOS DEL CALOR Y DE LA LUZ"
"T67.9","EFECTO DEL CALOR Y DE LA LUZ, NO ESPECIFICADO"
"T68","HIPOTERMIA"
"T69","OTROS EFECTOS DE LA REDUCCIÓN DE LA TEMPERATURA"
"T69.0","MANO Y PIE DE INMERSIÓN"
"T69.1","SABAÑÓN(ES)"
"T69.8","OTROS EFECTOS ESPECIFICADOS DE LA REDUCCIÓN DE LA TEMPERATURA"
"T69.9","EFECTO DE LA REDUCCIÓN DE LA TEMPERATURA, NO ESPECIFICADO"
"T70","EFECTOS DE LA PRESIÓN DEL AIRE Y DE LA PRESIÓN DEL AGUA"
"T70.0","BAROTRAUMA OTÍTICO"
"T70.1","BAROTRAUMA SINUSAL"
"T70.2","OTROS EFECTOS Y LOS NO ESPECIFICADOS DE LA GRAN ALTITUD"
"T70.3","ENFERMEDAD POR DESCOMPRESIÓN [DE LOS CAJONES SUMERGIDOS]"
"T70.4","EFECTOS DE LÍQUIDOS CON ALTA PRESIÓN"
"T70.8","OTROS EFECTOS DE LA PRESIÓN DEL AIRE Y DEL AGUA"
"T70.9","EFECTO DE LA PRESIÓN DEL AIRE Y DEL AGUA, NO ESPECIFICADO"
"T71","ASFIXIA"
"T73","EFECTOS DE OTRAS PRIVACIONES"
"T73.0","EFECTOS DEL HAMBRE"
"T73.1","EFECTOS DE LA SED"
"T73.2","AGOTAMIENTO DEBIDO A EXPOSICIÓN A LA INTEMPERIE"
"T73.3","AGOTAMIENTO DEBIDO A ESFUERZO EXCESIVO"
"T73.8","OTROS EFECTOS DE PRIVACIÓN"
"T73.9","EFECTOS DE PRIVACIÓN, NO ESPECIFICADOS"
"T74","SÍNDROMES DEL MALTRATO"
"T74.0","NEGLIGENCIA O ABANDONO"
"T74.1","ABUSO FÍSICO"
"T74.2","ABUSO SEXUAL"
"T74.3","ABUSO PSICOLÓGICO"
"T74.8","OTROS SÍNDROMES DEL MALTRATO"
"T74.9","SÍNDROME DEL MALTRATO, NO ESPECIFICADO"
"T75","EFECTOS DE OTRAS CAUSAS EXTERNAS"
"T75.0","EFECTOS DEL RAYO"
"T75.1","AHOGAMIENTO Y SUMERSIÓN NO MORTAL"
"T75.2","EFECTOS DE LA VIBRACIÓN"
"T75.3","MAL DEL MOVIMIENTO"
"T75.4","EFECTOS DE LA CORRIENTE ELÉCTRICA"
"T75.8","OTROS EFECTOS ESPECIFICADOS DE CAUSAS EXTERNAS"
"T78","EFECTOS ADVERSOS, NO CLASIFICADOS EN OTRA PARTE"
"T78.0","CHOQUE ANAFILÁCTICO DEBIDO A REACCIÓN ADVERSA A ALIMENTOS"
"T78.1","OTRA REACCIÓN ADVERSA A ALIMENTOS, NO CLASIFICADA EN OTRA PARTE"
"T78.2","CHOQUE ANAFILÁCTICO, NO ESPECIFICADO"
"T78.3","EDEMA ANGIONEURÓTICO"
"T78.4","ALERGIA NO ESPECIFICADA"
"T78.8","OTROS EFECTOS ADVERSOS, NO CLASIFICADOS EN OTRA PARTE"
"T78.9","EFECTO ADVERSO NO ESPECIFICADO"
"T79","ALGUNAS COMPLICACIONES PRECOCES DE TRAUMATISMOS, NO CLASIFICADAS EN OTRA PARTE"
"T79.0","EMBOLIA GASEOSA (TRAUMÁTICA)"
"T79.1","EMBOLIA GRASA (TRAUMÁTICA)"
"T79.2","HEMORRAGIA TRAUMÁTICA SECUNDARIA Y RECURRENTE"
"T79.3","INFECCIÓN POSTRAUMÁTICA DE HERIDA, NO CLASIFICADA EN OTRA PARTE"
"T79.4","CHOQUE TRAUMÁTICO"
"T79.5","ANURIA TRAUMÁTICA"
"T79.6","ISQUEMIA TRAUMÁTICA DE MÚSCULO"
"T79.7","ENFISEMA SUBCUTÁNEO TRAUMÁTICO"
"T79.8","OTRAS COMPLICACIONES PRECOCES DE LOS TRAUMATISMOS"
"T79.9","COMPLICACIONES PRECOCES NO ESPECIFICADAS DE LOS TRAUMATISMOS"
"T80","COMPLICACIONES CONSECUTIVAS A INFUSIÓN, TRANSFUSIÓN E INYECCIÓN TERAPÉUTICA"
"T80.0","EMBOLIA GASEOSA CONSECUTIVA A INFUSIÓN, TRANSFUSIÓN E INYECCIÓN TERAPÉUTICA"
"T80.1","COMPLICACIONES VASCULARES CONSECUTIVAS A INFUSIÓN, TRANSFUSIÓN E INYECCIÓN TERAPÉUTICA"
"T80.2","INFECCIONES CONSECUTIVAS A INFUSIÓN, TRANSFUSIÓN E INYECCIÓN TERAPÉUTICA"
"T80.3","REACCIÓN DE INCOMPATIBILIDAD AL GRUPO ABO"
"T80.4","REACCIÓN DE INCOMPATIBILIDAD A RH"
"T80.5","CHOQUE ANAFILÁCTICO DEBIDO A SUERO"
"T80.6","OTRAS REACCIONES AL SUERO"
"T80.8","OTRAS COMPLICACIONES CONSECUTIVAS A INFUSIÓN, TRANSFUSIÓN, E INYECCIÓN TERAPÉUTICA"
"T80.9","COMPLICACIONES NO ESPECIFICADAS CONSECUTIVAS A INFUSIÓN, TRANSFUSIÓN E INYECCIÓN TERAPÉUTICA"
"T81","COMPLICACIONES DE PROCEDIMIENTOS, NO CLASIFICADAS EN OTRA PARTE"
"T81.0","HEMORRAGIA Y HEMATOMA QUE COMPLICAN UN PROCEDIMIENTO, NO CLASIFICADOS EN OTRA PARTE"
"T81.1","CHOQUE DURANTE O RESULTANTE DE UN PROCEDIMIENTO, NO CLASIFICADO EN OTRA PARTE"
"T81.2","PUNCIÓN O LACERACIÓN ACCIDENTAL DURANTE UN PROCEDIMIENTO, NO CLASIFICADAS EN OTRA PARTE"
"T81.3","DESGARRO DE HERIDA OPERATORIA, NO CLASIFICADO EN OTRA PARTE"
"T81.4","INFECCIÓN CONSECUTIVA A PROCEDIMIENTO, NO CLASIFICADA EN OTRA PARTE"
"T81.5","CUERPO EXTRAÑO DEJADO ACCIDENTALMENTE EN CAVIDAD CORPORAL O EN HERIDA OPERATORIA CONSECUTIVA A PROCEDIMIENTO"
"T81.6","REACCIÓN AGUDA A SUSTANCIA EXTRAÑA DEJADA ACCIDENTALMENTE DURANTE UN PROCEDIMIENTO"
"T81.7","COMPLICACIONES VASCULARES CONSECUTIVAS A PROCEDIMIENTO, NO CLASIFICADAS EN OTRA PARTE"
"T81.8","OTRAS COMPLICACIONES DE PROCEDIMIENTOS, NO CLASIFICADAS EN OTRA PARTE"
"T81.9","COMPLICACIÓN DE PROCEDIMIENTOS, NO ESPECIFICADA"
"T82","COMPLICACIONES DE DISPOSITIVOS PROTÉSICOS, IMPLANTES E INJERTOS CARDIOVASCULARES"
"T82.0","COMPLICACIÓN MECÁNICA DE PRÓTESIS DE VÁLVULA CARDÍACA"
"T82.1","COMPLICACIÓN MECÁNICA DE DISPOSITIVO ELECTRÓNICO CARDÍACO"
"T82.2","COMPLICACIÓN MECÁNICA DE DERIVACIÓN DE ARTERIA CORONARIA E INJERTO VALVULAR"
"T82.3","COMPLICACIÓN MECÁNICA DE OTROS INJERTOS VASCULARES"
"T82.4","COMPLICACIÓN MECÁNICA DE CATÉTER PARA DIÁLISIS VASCULAR"
"T82.5","COMPLICACIÓN MECÁNICA DE OTROS DISPOSITIVOS E IMPLANTES CARDIOVASCULARES"
"T82.6","INFECCIÓN Y REACCIÓN INFLAMATORIA DEBIDAS A PRÓTESIS DE VÁLVULA CARDÍACA"
"T82.7","INFECCIÓN Y REACCIÓN INFLAMATORIA DEBIDAS A OTROS DISPOSITIVOS, IMPLANTES E INJERTOS CARDIOVASCULARES"
"T82.8","OTRAS COMPLICACIONES DE DISPOSITIVOS PROTÉSICOS, IMPLANTES E INJERTOS CARDIOVASCULARES"
"T82.9","COMPLICACIÓN NO ESPECIFICADA DE DISPOSITIVO PROTÉSICO, IMPLANTE E INJERTO CARDIOVASCULAR"
"T83","COMPLICACIONES DE DISPOSITIVOS, IMPLANTES E INJERTOS GENITOURINARIOS"
"T83.0","COMPLICACIÓN MECÁNICA DE CATÉTER URINARIO (FIJO)"
"T83.1","COMPLICACIÓN MECÁNICA DE OTROS DISPOSITIVOS E IMPLANTES URINARIOS"
"T83.2","COMPLICACIÓN MECÁNICA DE INJERTO EN ÓRGANO URINARIO"
"T83.3","COMPLICACIÓN MECÁNICA DE DISPOSITIVO ANTICONCEPTIVO INTRAUTERINO"
"T83.4","COMPLICACIÓN MECÁNICA DE OTROS DISPOSITIVOS, IMPLANTES E INJERTOS EN EL TRACTO GENITAL"
"T83.5","INFECCIÓN Y REACCIÓN INFLAMATORIA DEBIDAS A DISPOSITIVO PROTÉSICO, IMPLANTE E INJERTO EN EL SISTEMA URINARIO"
"T83.6","INFECCIÓN Y REACCIÓN INFLAMATORIA DEBIDAS A DISPOSITIVO PROTÉSICO, IMPLANTE E INJERTO EN EL TRACTO GENITAL"
"T83.8","OTRAS COMPLICACIONES DE DISPOSITIVOS PROTÉSICOS, IMPLANTES E INJERTOS GENITOURINARIOS"
"T83.9","COMPLICACIÓN NO ESPECIFICADA DE DISPOSITIVO PROTÉSICO, IMPLANTE E INJERTO GENITOURINARIO"
"T84","COMPLICACIONES DE DISPOSITIVOS PROTÉSICOS, IMPLANTES E INJERTOS ORTOPÉDICOS INTERNOS"
"T84.0","COMPLICACIÓN MECÁNICA DE PRÓTESIS ARTICULAR INTERNA"
"T84.1","COMPLICACIÓN MECÁNICA DE DISPOSITIVO DE FIJACIÓN INTERNA DE HUESOS DE UN MIEMBRO"
"T84.2","COMPLICACIÓN MECÁNICA DE DISPOSITIVO DE FIJACIÓN INTERNA DE OTROS HUESOS"
"T84.3","COMPLICACIÓN MECÁNICA DE OTROS DISPOSITIVOS ÓSEOS, IMPLANTES E INJERTOS"
"T84.4","COMPLICACIÓN MECÁNICA DE OTROS DISPOSITIVOS PROTÉSICOS, IMPLANTES E INJERTOS ORTOPÉDICOS INTERNOS"
"T84.5","INFECCIÓN Y REACCIÓN INFLAMATORIA DEBIDAS A PRÓTESIS ARTICULAR INTERNA"
"T84.6","INFECCIÓN Y REACCIÓN INFLAMATORIA DEBIDAS A DISPOSITIVO DE FIJACIÓN INTERNA [CUALQUIER SITIO]"
"T84.7","INFECCIÓN Y REACCIÓN INFLAMATORIA DEBIDAS A OTROS DISPOSITIVOS PROTÉSICOS, IMPLANTES E INJERTOS ORTOPÉDICOS INTERNOS"
"T84.8","OTRAS COMPLICACIONES DE DISPOSITIVOS PROTÉSICOS, IMPLANTES E INJERTOS ORTOPÉDICOS INTERNOS"
"T84.9","COMPLICACIONES NO ESPECIFICADAS DE DISPOSITIVOS PROTÉSICOS, IMPLANTES E INJERTOS ORTOPÉDICOS INTERNOS"
"T85","COMPLICACIONES DE OTROS DISPOSITIVOS PROTÉSICOS, IMPLANTES E INJERTOS INTERNOS"
"T85.0","COMPLICACIÓN MECÁNICA DE DERIVACIÓN (ANASTOMÓTICA) VENTRICULAR INTRACRANEAL"
"T85.1","COMPLICACIÓN MECÁNICA DE IMPLANTE DE ESTIMULADOR ELECTRÓNICO DEL SISTEMA NERVIOSO"
"T85.2","COMPLICACIÓN MECÁNICA DE LENTES INTRAOCULARES"
"T85.3","COMPLICACIÓN MECÁNICA DE OTROS DISPOSITIVOS PROTÉSICOS, IMPLANTES E INJERTOS OCULARES"
"T85.4","COMPLICACIÓN MECÁNICA DE PRÓTESIS E IMPLANTE DE MAMA"
"T85.5","COMPLICACIÓN MECÁNICA DE DISPOSITIVO PROTÉSICO, IMPLANTE E INJERTO GASTROINTESTINAL"
"T85.6","COMPLICACIÓN MECÁNICA DE OTROS DISPOSITIVOS PROTÉSICOS, IMPLANTES E INJERTOS INTERNOS ESPECIFICADOS"
"T85.7","INFECCIÓN Y REACCIÓN INFLAMATORIA DEBIDAS A OTROS DISPOSITIVOS PROTÉSICOS, IMPLANTES E INJERTOS INTERNOS"
"T85.8","OTRAS COMPLICACIONES DE DISPOSITIVOS PROTÉSICOS, IMPLANTES E INJERTOS INTERNOS, NO CLASIFICADAS EN OTRA PARTE"
"T85.9","COMPLICACIÓN NO ESPECIFICADA DE DISPOSITIVO PROTÉSICO, IMPLANTE E INJERTO INTERNO"
"T86","FALLA Y RECHAZO DEL TRASPLANTE DE ÓRGANOS Y TEJIDOS"
"T86.0","RECHAZO DE TRASPLANTE DE MÉDULA ÓSEA"
"T86.1","FALLA Y RECHAZO DE TRASPLANTE DE RIÑÓN"
"T86.2","FALLA Y RECHAZO DE TRASPLANTE DE CORAZÓN"
"T86.3","FALLA Y RECHAZO DE TRASPLANTE DE PULMÓN-CORAZÓN"
"T86.4","FALLA Y RECHAZO DE TRASPLANTE DE HÍGADO"
"T86.8","FALLA Y RECHAZO DE OTROS ÓRGANOS Y TEJIDOS TRASPLANTADOS"
"T86.9","FALLA Y RECHAZO DE TRASPLANTE DE ÓRGANO Y TEJIDO NO ESPECIFICADO"
"T87","COMPLICACIONES PECULIARES DE LA REINSERCIÓN Y AMPUTACIÓN"
"T87.0","COMPLICACIONES DE LA REINSERCIÓN (DE PARTE) DE EXTREMIDAD SUPERIOR"
"T87.1","COMPLICACIONES DE LA REINSERCIÓN (DE PARTE) DE EXTREMIDAD INFERIOR"
"T87.2","COMPLICACIONES DE OTRAS PARTES DEL CUERPO REINSERTADAS"
"T87.3","NEUROMA DE MUÑÓN DE AMPUTACIÓN"
"T87.4","INFECCIÓN DE MUÑÓN DE AMPUTACIÓN"
"T87.5","NECROSIS DE MUÑÓN DE AMPUTACIÓN"
"T87.6","OTRAS COMPLICACIONES Y LAS NO ESPECIFICADAS DE MUÑÓN DE AMPUTACIÓN"
"T88","OTRAS COMPLICACIONES DE LA ATENCIÓN MÉDICA Y QUIRÚRGICA, NO CLASIFICADAS EN OTRA PARTE"
"T88.0","INFECCIÓN CONSECUTIVA A INMUNIZACIÓN"
"T88.1","OTRAS COMPLICACIONES CONSECUTIVAS A INMUNIZACIÓN, NO CLASIFICADAS EN OTRA PARTE"
"T88.2","CHOQUE DEBIDO A LA ANESTESIA"
"T88.3","HIPERTERMIA MALIGNA DEBIDA A LA ANESTESIA"
"T88.4","FALLA O DIFICULTAD DE LA INTUBACIÓN"
"T88.5","OTRAS COMPLICACIONES DE LA ANESTESIA"
"T88.6","CHOQUE ANAFILÁCTICO DEBIDO A EFECTO ADVERSO DE DROGA O MEDICAMENTO CORRECTO ADMINISTRADO APROPIADAMENTE"
"T88.7","EFECTO ADVERSO NO ESPECIFICADO DE DROGA O MEDICAMENTO"
"T88.8","OTRAS COMPLICACIONES ESPECIFICADAS DE LA ATENCIÓN MÉDICA Y QUIRÚRGICA, NO CLASIFICADAS EN OTRA PARTE"
"T88.9","COMPLICACIONES NO ESPECIFICADAS DE LA ATENCIÓN MÉDICA Y QUIRÚRGICA"
"T90","SECUELAS DE TRAUMATISMOS DE LA CABEZA"
"T90.0","SECUELAS DE TRAUMATISMO SUPERFICIAL DE LA CABEZA"
"T90.1","SECUELAS DE HERIDA DE LA CABEZA"
"T90.2","SECUELAS DE FRACTURA DEL CRÁNEO Y DE HUESOS FACIALES"
"T90.3","SECUELAS DE TRAUMATISMO DE NERVIOS CRANEALES"
"T90.4","SECUELAS DE TRAUMATISMO DEL OJO Y DE LA ÓRBITA"
"T90.5","SECUELAS DE TRAUMATISMO INTRACRANEAL"
"T90.8","SECUELAS DE OTROS TRAUMATISMOS ESPECIFICADOS DE LA CABEZA"
"T90.9","SECUELAS DE TRAUMATISMO NO ESPECIFICADO DE LA CABEZA"
"T91","SECUELAS DE TRAUMATISMOS DEL CUELLO Y DEL TRONCO"
"T91.0","SECUELAS DE TRAUMATISMO SUPERFICIAL Y DE HERIDAS DEL CUELLO Y DEL TRONCO"
"T91.1","SECUELAS DE FRACTURA DE LA COLUMNA VERTEBRAL"
"T91.2","SECUELAS DE OTRA FRACTURA DEL TÓRAX Y DE LA PELVIS"
"T91.3","SECUELAS DE TRAUMATISMO DE LA MÉDULA ESPINAL"
"T91.4","SECUELAS DE TRAUMATISMO DE ÓRGANOS INTRATORÁCICOS"
"T91.5","SECUELAS DE TRAUMATISMO DE ÓRGANOS INTRAABDOMINALES Y PÉLVICOS"
"T91.8","SECUELAS DE OTROS TRAUMATISMOS ESPECIFICADOS DEL CUELLO Y DEL TRONCO"
"T91.9","SECUELAS DE TRAUMATISMO NO ESPECIFICADO DEL CUELLO Y DEL TRONCO"
"T92","SECUELAS DE TRAUMATISMOS DE MIEMBRO SUPERIOR"
"T92.0","SECUELAS DE HERIDA DE MIEMBRO SUPERIOR"
"T92.1","SECUELAS DE FRACTURA DEL BRAZO"
"T92.2","SECUELAS DE FRACTURA DE LA MUÑECA Y DE LA MANO"
"T92.3","SECUELAS DE LUXACIÓN, TORCEDURA Y ESGUINCE DE MIEMBRO SUPERIOR"
"T92.4","SECUELAS DE TRAUMATISMO DE NERVIO DE MIEMBRO SUPERIOR"
"T92.5","SECUELAS DE TRAUMATISMO DE TENDÓN Y MÚSCULO DE MIEMBRO SUPERIOR"
"T92.6","SECUELAS DE APLASTAMIENTO Y AMPUTACIÓN TRAUMÁTICAS DE MIEMBRO SUPERIOR"
"T92.8","SECUELAS DE OTROS TRAUMATISMOS ESPECIFICADOS DE MIEMBRO SUPERIOR"
"T92.9","SECUELAS DE TRAUMATISMO NO ESPECIFICADO DE MIEMBRO SUPERIOR"
"T93","SECUELAS DE TRAUMATISMOS DE MIEMBRO INFERIOR"
"T93.0","SECUELAS DE HERIDA DE MIEMBRO INFERIOR"
"T93.1","SECUELAS DE FRACTURA DEL FÉMUR"
"T93.2","SECUELAS DE OTRAS FRACTURAS DE MIEMBRO INFERIOR"
"T93.3","SECUELAS DE LUXACIÓN, TORCEDURA Y ESGUINCE DE MIEMBRO INFERIOR"
"T93.4","SECUELAS DE TRAUMATISMO DE NERVIO DE MIEMBRO INFERIOR"
"T93.5","SECUELAS DE TRAUMATISMO DE TENDÓN Y MÚSCULO DE MIEMBRO INFERIOR"
"T93.6","SECUELAS DE APLASTAMIENTO Y AMPUTACIÓN TRAUMÁTICAS DE MIEMBRO INFERIOR"
"T93.8","SECUELAS DE OTROS TRAUMATISMOS ESPECIFICADOS DE MIEMBRO INFERIOR"
"T93.9","SECUELAS DE TRAUMATISMO NO ESPECIFICADO DE MIEMBRO INFERIOR"
"T94","SECUELAS DE TRAUMATISMOS QUE AFECTAN MÚLTIPLES REGIONES DEL CUERPO Y LAS NO ESPECIFICADAS"
"T94.0","SECUELAS DE TRAUMATISMOS QUE AFECTAN MÚLTIPLES REGIONES DEL CUERPO"
"T94.1","SECUELAS DE TRAUMATISMOS DE REGIONES NO ESPECIFICADAS DEL CUERPO"
"T95","SECUELAS DE QUEMADURAS, CORROSIONES Y CONGELAMIENTOS"
"T95.0","SECUELAS DE QUEMADURA, CORROSIÓN Y CONGELAMIENTO DE LA CABEZA Y DEL CUELLO"
"T95.1","SECUELAS DE QUEMADURA, CORROSIÓN Y CONGELAMIENTO DEL TRONCO"
"T95.2","SECUELAS DE QUEMADURA, CORROSIÓN Y CONGELAMIENTO DE MIEMBRO SUPERIOR"
"T95.3","SECUELAS DE QUEMADURA, CORROSIÓN Y CONGELAMIENTO DE MIEMBRO INFERIOR"
"T95.4","SECUELAS DE QUEMADURA Y CORROSIÓN CLASIFICABLES SÓLO DE ACUERDO CON LA EXTENSIÓN DE LA SUPERFICIE DEL CUERPO AFECTADA"
"T95.8","SECUELAS DE OTRAS QUEMADURAS, CORROSIONES Y CONGELAMIENTOS ESPECIFICADOS"
"T95.9","SECUELAS DE QUEMADURA, CORROSIÓN Y CONGELAMIENTO NO ESPECIFICADOS"
"T96","SECUELAS DE ENVENENAMIENTOS POR DROGAS, MEDICAMENTOS Y SUSTANCIAS BIOLÓGICAS"
"T97","SECUELAS DE EFECTOS TÓXICOS DE SUSTANCIAS DE PROCEDENCIA PRINCIPALMENTE NO MEDICINAL"
"T98","SECUELAS DE OTROS EFECTOS Y LOS NO ESPECIFICADOS DE CAUSAS EXTERNAS"
"T98.0","SECUELAS DE EFECTOS DE CUERPOS EXTRAÑOS QUE PENETRAN EN ORIFICIOS NATURALES"
"T98.1","SECUELAS DE OTROS EFECTOS Y LOS NO ESPECIFICADOS DE CAUSAS EXTERNAS"
"T98.2","SECUELAS DE CIERTAS COMPLICACIONES PRECOCES DE LOS TRAUMATISMOS"
"T98.3","SECUELAS DE COMPLICACIONES DE LA ATENCIÓN MÉDICA Y QUIRÚRGICA, NO CLASIFICADAS EN OTRA PARTE"
